;fichier;n_pages;hapax_ratio;ttr;lexicalite;form;genre;handwritten_note;table_of_content;illustration;creation;change;titre;dates;langue;fichier;langue_detectee;subject
0;Moreau3161_GBOOKS.xml;8;0.6662153012863913;0.7757121884287492;0.12143828210127097;prose;['narration', 'relation'];False;False;False;1652-07-02;{'@status': 'corrected', '@when': '2022-10-25', '@who': 'AB'};"Relation du secours jette dans Villeneuve d'Agenois par
          M. le comte de Marchin , lieutenant général des armées du roi sous l'autorité de M. le
          Prince, avec la prise de La Serre Balthazar, près Bazas.";{'@type': 'file_creation', '@when': '2022-10-25', '#text': '25 octobre 2022'};fra;Moreau3161_GBOOKS.xml;LGERM;
1;Moreau87_GBOOKS.xml;7;0.5775729646697388;0.7014516913272437;0.11089241220780917;prose;['réponse', 'pamphlet'];False;False;False;1649-03-04;{'@status': 'corrected', '@when': '2022-10-25', '@who': 'AB'};"L'antidésintéressé , ou l’Équitable censeur des libelles
          semés dans Paris sous le nom du Désintéressé , commençant par ces mots : « Pauvre peuple
          abusé, dessille tes yeux , » et tendant à désunir les habitants de cette ville d’avec les
          princes et le parlement.";{'@type': 'file_creation', '@when': '2022-10-25', '#text': '25 octobre 2022'};fra;Moreau87_GBOOKS.xml;LGERM;
2;Moreau2suppl201_GALL.xml;5;0.6883116883116883;0.8662897712691315;0.08807558110963684;vers;['poésie', 'burlesque', 'satirique'];False;False;False;;{'@status': 'corrected', '@when': '2022-09-08', '@who': 'AB'};Les Ténebres de Mazarin, en vers burlesques.;[{'@type': 'file_creation', '@when': '2021-02-16', '#text': '16 février 2021'}, {'@type': 'correction', '@when': '2021-04-26', '#text': '26 avril 2021'}];fra;Moreau2suppl201_GALL.xml;LGERM;
3;Moreau2663_GBOOKS.xml;24;0.5944726452340665;0.7213548107025994;0.12547980774765685;prose;['éloge', 'panégyrique', 'rhétorique épidictique'];False;False;False;1651-09-07;{'@status': 'corrected', '@when': '2022-05-31', '@who': 'AB'};"Panégyrique du roi très-chrétien Louis XIV Dieudonné, sur
          sa majorité, où sont les très-humbles supplications faites à Sa Majesté de vouloir
          conserver M. le Prince dans l'honneur de ses bonnes grâces.";{'@type': 'file_creation', '@when': '2021-11-02', '#text': '2 novembre 2021'};fra;Moreau2663_GBOOKS.xml;LGERM;
4;Moreau2204_GBOOKS.xml;15;0.6473467284904688;0.7598571953303089;0.12456104881125725;prose;['lettre', 'faux', 'traduction'];False;False;False;;{'@status': 'corrected', '@when': '2022-10-25', '@who': 'AB'};"Lettre du sieur Mazarini au cardinal Mazarin, son fils,
          de Rome, le 25 octobre 1648, avec la Réponse du cardinal Mazarin à son père.";{'@type': 'file_creation', '@when': '2022-10-25', '#text': '25 octobre 2022'};fra;Moreau2204_GBOOKS.xml;LGERM;Mazarin
5;Moreau3529_GBOOKS.xml;6;0.63016157989228;0.7651304775263269;0.14527739128025596;prose;non renseigné;False;False;False;1649-08-18;{'@status': 'corrected', '@when': '2022-08-05', '@who': 'ZC'};"Le retour désiré du roi Louis XIV dans sa grande ville de
          Paris.";{'@type': 'file_creation', '@when': '2021-11-02', '#text': '2 novembre 2021'};fra;Moreau3529_GBOOKS.xml;LGERM;
6;Moreau572_GBOOKS.xml;10;0.6097560975609756;0.7519992324171312;0.10114065553605589;vers;dialogue;False;False;False;00-00-0000;{'@status': 'corrected', '@when': '2022-09-15', '@who': 'AB'};"Balet ridicule des nieces de Mazarin, ou leur theatre
          renversé en France. Par P.D.P. sieur de Carigny.";{'@type': 'file_creation', '@when': '2021-06-03', '#text': '3 juin 2021'};fra;Moreau572_GBOOKS.xml;LGERM;['Conti, Anne-Marie Martinozzi, princesse de, 1637-1672', 'Soissons, Olympe Mancini, comtesse de, 1638-1708', 'Modène, Laura Martinozzi, duchesse de, 1639-1687']
7;Moreau784_GBOOKS.xml;7;0.6879547291835085;0.8036461757879846;0.10763269356535184;prose;;False;False;False;1652-08-07;{'@status': 'corrected', '@when': '2022-03-23', '@who': 'AB'};"Contrat fait et passé en la ville de Pontoise, le 13 août
          1652, entre le cardinal Mazarin et le marquis de la Vieuville, surintendant des
          finances.";{'@type': 'file_creation', '@when': '2021-11-02', '#text': '2 novembre 2021'};fra;Moreau784_GBOOKS.xml;LGERM;
8;Moreau511_GBOOKS.xml;5;0.6306569343065693;0.8129818917124811;0.09449038302395613;prose;['discours adressé', 'avis', 'pamphlet'];False;False;False;;{'@status': 'corrected', '@when': '2022-04-04', '@who': 'MF'};"Avis donné aux Parisiens avant leur entière désolation.
          Jouxte l'affiche du 5 juin 1652.";{'@type': 'file_creation', '@when': '2021-11-02', '#text': '2 novembre 2021'};fra;Moreau511_GBOOKS.xml;LGERM;
9;Moreau3suppl5_GBOOKS.xml;8;0.8362619808306709;0.8941457626451301;0.1422053703574218;prose;narration;False;False;False;;{'@status': 'corrected', '@when': '2022-10-11', '@who': 'AB'};"Altra relatione della morte barbara e crudele del re
          d'Inghilterra, e con maggiore distintione di particolarità trovate più vere, e con notitia
          della risolutione della Scotia e Irlandia.";{'@type': 'file_creation', '@when': '2026-04-20', '#text': '26 avril 2021'};ita;Moreau3suppl5_GBOOKS.xml;LGERM;
10;Moreau243_MAZ.xml;2;0.7111111111111111;0.8209728867623605;0.11762360446570973;prose;['arrêt', 'texte officiel'];False;False;False;;{'@status': 'corrected', '@when': '2022-03-10', '@who': 'AB'};"Arrêt de la cour de parlement, portant défenses, aux
          officiers du présidial , prévôté, maire et échevins d'Orléans, de connaître et juger
          d’autres matières que de celles à eux attribuées par les édits du roi, vérifiés en ladite
          cour.";{'@type': 'file_creation', '@when': '2022-03-02', '#text': '2 mars 2022'};fra;Moreau243_MAZ.xml;LGERM;Orléans (Loiret)
11;Moreau2871_GBOOKS.xml;7;0.841715976331361;0.9070756906830646;0.11890006102155007;prose;narration;False;False;False;1652-10-13;{'@status': 'corrected', '@when': '2022-10-03', '@who': 'AB'};"La prise de la ville de Creil par les troupes de M. le
          Prince, avec l'état de tout ce qui s'est passé parmi lesdites troupes depuis leur
          décampement des environs de Paris.";{'@type': 'file_creation', '@when': '2026-04-26', '#text': '26 avril 2021'};fra;Moreau2871_GBOOKS.xml;LGERM;
12;Moreau851_GBOOKS.xml;7;0.7026647966339411;0.8432171862687189;0.07813847726475284;prose;;False;False;False;;{'@status': 'corrected', '@when': '2022-02-25', '@who': 'AB'};"Le crotesque carême-prenant de Jules Mazarin, par
          dialogue.";{'@type': 'file_creation', '@when': '2021-11-02', '#text': '2 novembre 2021'};fra;Moreau851_GBOOKS.xml;LGERM;
13;Moreau1152_GBOOKS.xml;7;0.5803030303030303;0.7401297980481667;0.10380329904240607;prose;discours adressé;False;False;False;1649-03-01;{'@status': 'corrected', '@when': '2022-09-28', '@who': 'AB'};"Discours véritable d’un seigneur à son fils, qui vouloit
          suivre le parti de Mazarin.";{'@type': 'file_creation', '@when': '2022-09-14', '#text': '14 septembre 2022'};fra;Moreau1152_GBOOKS.xml;LGERM;
14;Moreau1suppl190_GBOOKS.xml;14;0.5659766230108435;0.6869886895585455;0.12307941209562992;prose;;False;False;False;;{'@status': 'corrected', '@when': '2022-06-22', '@who': 'AB'};"Propositions chrétiennes d'un député à la cham bre de
          Saint-Louis pour le soulagement des pauvres";{'@type': 'file_creation', '@when': '2021-11-02', '#text': '2 novembre 2021'};fra;Moreau1suppl190_GBOOKS.xml;LGERM;Pauvreté
15;Moreau2101_GBOOKS.xml;7;0.7452711223203027;0.8346701520852496;0.10079026854777522;prose;lettre;False;False;False;00-00-0000;{'@status': 'corrected', '@when': '2022-10-05', '@who': 'AB'};"Lettre du comte duc d'Olivarez ministre d'Estat du roy
          d'Espagne: A Jules Mazarin cardinal, et n'agueres ministre d'Estat du roy de
          France.";{'@type': 'file_creation', '@when': '2021-06-08', '#text': '8 juin 2021'};fra;Moreau2101_GBOOKS.xml;LGERM;
16;Moreau2464_MAZ.xml;4;0.602880658436214;0.766098595635198;0.12779630527932737;prose;;False;False;False;1649-03-15;{'@status': 'corrected', '@when': '2022-03-16', '@who': 'AB'};"La métamorphose morale, ou l'Heureux changement de nos
          fortunes par la prudence de nos seigneurs du Parlement.";{'@type': 'file_creation', '@when': '2022-03-02', '#text': '2 mars 2022'};fra;Moreau2464_MAZ.xml;LGERM;
17;Moreau2362_GBOOKS.xml;26;0.6011686143572621;0.7302453816799174;0.09811591404242385;prose;manifeste;False;False;False;1652-01-09;{'@status': 'corrected', '@when': '2022-05-18', '@who': 'AB'};"Manifeste de la ville de Paris contre le retour du
          cardinal Mazarin, dédié à Son Altesse Royale.";{'@type': 'file_creation', '@when': '2021-11-02', '#text': '2 novembre 2021'};fra;Moreau2362_GBOOKS.xml;LGERM;
18;Moreau2216_GBOOKS.xml;7;0.6137152777777778;0.7689111956223602;0.09511628703279192;prose;lettre;False;False;False;1649-09-05;{'@status': 'corrected', '@when': '2022-10-04', '@who': 'AB'};"Lettre écrite de Bourdeaux, contenant l'inventaire de
          tout ce qui s'est trouvé dans le château Trompette, après sa prise, avec l'ordre qui a été
          gardé à la sortie de la garnison dudit château.";{'@type': 'file_creation', '@when': '2021-06-08', '#text': '8 juin 2021'};fra;Moreau2216_GBOOKS.xml;LGERM;
19;Moreau871_MAZ.xml;15;0.5592666545652568;0.7066124380892261;0.11440212081388505;['vers', 'prose'];;False;False;False;1649-02-19;{'@status': 'corrected', '@when': '2022-02-01', '@who': 'AB'};"Décision de la question du temps, à la reine
          régente.";{'@type': 'file_creation', '@when': '2022-01-31', '#text': '31 janvier 2022'};fra;Moreau871_MAZ.xml;LGERM;
20;Moreau222_MAZ.xml;2;0.6264501160092807;0.7981418138115929;0.11664509568272165;prose;['arrêt', 'texte officiel'];False;False;False;;{'@status': 'corrected', '@when': '2022-03-10', '@who': 'AB'};"Arrêt de la cour de parlement, contre les gens de guerre,
          qui ont quitté les frontières pour empêcher les vivres en cette ville, avec injonction aux
          communes de courre sus, publié l’onzième jour de janvier 1649";{'@type': 'file_creation', '@when': '2022-03-02', '#text': '2 mars 2022'};fra;Moreau222_MAZ.xml;LGERM;Paris -- 1649 (blocus)
21;Moreau360_GBOOKS.xml;20;0.6008239375542064;0.730586270705586;0.11695076190123388;prose;['texte officiel', 'arrêt'];True;False;False;;{'@status': 'corrected', '@when': '2022-10-25', '@who': 'AB'};"Arrêts du conseil d’État du roi portant réglement général
          pour le paiement des rentes constituées sur l ’hôtel de ville de Paris, registrés, en
          parlement le vingt-sixième juillet mil six cens quarante-neuf.";{'@type': 'file_creation', '@when': '2022-10-25', '#text': '25 octobre 2022'};fra;Moreau360_GBOOKS.xml;LGERM;"['Fiscalité', ""Rentes de l'Hôtel de Ville""]"
22;Moreau2604_GBOOKS.xml;6;0.6493108728943339;0.7630956032721904;0.11404299858865385;prose;récit;False;False;False;1650-10-01;{'@status': 'corrected', '@when': '2022-05-30', '@who': 'AB'};"L'orage dissipé de devant la ville de Bordeaux par la
          présence de Sa Majesté.";{'@type': 'file_creation', '@when': '2021-11-02', '#text': '2 novembre 2021'};fra;Moreau2604_GBOOKS.xml;LGERM;
23;Moreau815_GALL.xml;33;0.6274696901661428;0.7540398905164513;0.08614266964132752;vers;['lettre', 'burlesque', 'satirique'];False;False;False;;{'@status': 'corrected', '@when': '2021-11-08', '@who': 'AB'};"Le courrier burlesque, envoyé à monseigneur le prince de
          Condé, pour divertir Son Altesse durant sa prison, lui racontant tout ce qui se passa à
          Paris en l’année 1648, au sujet de l’arrêt d’union. Seconde partie.";{'@type': 'file_creation', '@when': '2021-02-24', '#text': '24 février 2021'};fra;Moreau815_GALL.xml;LGERM;
24;Moreau3035-i_MAZ.xml;93;0.5293171734016259;0.6484410410707755;0.11888732046767961;prose;recueil;False;True;False;;{'@status': 'corrected', '@when': '2022-02-16', '@who': 'AB'};"Recueil de diverses pièces curieuses de ce temps, sur
          l'impritné à Paris.";{'@type': 'file_creation', '@when': '2022-01-31', '#text': '31 janvier 2022'};fra;Moreau3035-i_MAZ.xml;LGERM;
25;Moreau2836_GBOOKS.xml;7;0.5898366606170599;0.7556432998699861;0.10121055823419645;prose;non renseigné;False;False;False;1649-03-01;{'@status': 'corrected', '@when': '2022-06-28', '@who': 'MF'};La pourpre ensanglantée;{'@type': 'file_creation', '@when': '2021-11-02', '#text': '2 novembre 2021'};fra;Moreau2836_GBOOKS.xml;LGERM;Couleurs
26;M15370_MAZ.xml;7;0.9354838709677419;0.9636306789187367;0.06551513601968255;prose;['avis', 'traduction'];False;False;False;;{'@status': 'corrected', '@when': '2022-03-07', '@who': 'AB'};"Gabrielis Naudæi Vermahnung an die Parlaments Herrn in
          Parisz / über die Verkauffung der bibliothec des Herrn Cardinalis Mazarini geschehen am
          29. Decembris 1652.";{'@type': 'file_creation', '@when': '2022-03-02', '#text': '2 mars 2022'};ger;M15370_MAZ.xml;LGERM;['Gabriel Naudé', 'Bibliothèque']
27;Moreau2549-ii_MAZ.xml;5;0.7104149026248942;0.852382905982906;0.06145822912719464;vers;['nouvelles', 'burlesque'];False;False;False;;{'@status': 'corrected', '@when': '2022-02-15', '@who': 'AB'};"La nouvelle Gazette du temps, en vers bur lesques. Du dix
          -neuvièmeoctobre 1652.";{'@type': 'file_creation', '@when': '2022-01-31', '#text': '31 janvier 2022'};fra;Moreau2549-ii_MAZ.xml;LGERM;"['Condé, Louis de Bourbon (1621-1686 ; prince de)', ""Lorraine, Charles II de (1596-1657 ; duc d'Elbeuf)"", ""Nemours, Marie d'Orléans-Longueville (1625-1707 ; duchesse de)"", 'Beaufort, François de Bourbon-Vendôme (1616-1669 ; duc de)']"
28;Moreau2161_GBOOKS.xml;8;0.6145985401459854;0.764979459129534;0.09062198750467648;prose;lettre;False;False;False;00-00-0000;{'@status': 'corrected', '@when': '2022-10-06', '@who': 'AB'};"Lettre du roi écrite à son ambassadeur à Rome, le 4
          octobre 1644.";{'@type': 'file_creation', '@when': '2021-06-08', '#text': '8 juin 2021'};fra;Moreau2161_GBOOKS.xml;LGERM;Papauté
29;Moreau85_GBOOKS.xml;43;0.6753491465307028;0.7766335938021183;0.10771712663889779;prose;;False;True;False;;{'@status': 'corrected', '@when': '2022-02-28', '@who': 'AB'};"L'ane rouge dépcint avec tous ses défauts en la personne
          du cardinal Mazarin : 1° sur son incapacité et maniement des affaires ; 2° sur son
          ignorance et ambition démesurée; 3° sur ses actions et entreprises qui font connaître ses
          trahisons et perfidies contre l’État.";{'@type': 'file_creation', '@when': '2021-11-02', '#text': '2 novembre 2021'};fra;Moreau85_GBOOKS.xml;LGERM;
30;Moreau569_GALL.xml;7;0.6919875130072841;0.8326605153336667;0.08910578232351599;vers;['poésie à forme fixe', 'ballade'];False;False;False;1652-08-26;{'@status': 'corrected', '@when': '2022-09-15', '@who': 'AB'};"Ballades servant à l’histoire des troubles advenus en
          Berry.";{'@type': 'file_creation', '@when': '2021-06-03', '#text': '3 juin 2021'};fra;Moreau569_GALL.xml;LGERM;
31;Moreau958_GBOOKS.xml;7;0.6471615720524018;0.7735346161666737;0.1116224092836698;prose;['déclaration', 'faux'];False;False;False;1649-03-30;{'@status': 'corrected', '@when': '2021-11-18', '@who': 'AB'};"Déclaration sur le sujet et la forme de l’entrée de Son
          Altesse Impériale l’archiduc Léopold en France, et de sa retraite après l'accommodement
          fait entre la régence et le parlement de Paris avec les princes et seigneurs
          associés.";{'@type': 'file_creation', '@when': '2021-11-02', '#text': '2 novembre 2021'};fra;Moreau958_GBOOKS.xml;LGERM;
32;Moreau3481_GALL.xml;7;0.6932773109243697;0.8528957728992356;0.1515627446114169;vers;['rhétorique délibérative', 'requête'];False;False;False;;{'@status': 'corrected', '@when': '2022-08-23', '@who': 'AB'};"Requête de Son Altesse monseigneur le prince de Conty au
          roy par le sieur II.";{'@type': 'file_creation', '@when': '2021-11-02', '#text': '2 novembre 2021'};fra;Moreau3481_GALL.xml;LGERM;
33;Moreau3661_GBOOKS.xml;7;0.7260115606936416;0.8510067127971876;0.07213894439621739;vers;non renseigné;False;False;False;;{'@status': 'corrected', '@when': '2022-06-09', '@who': 'ZC'};"Les sérieuses réflexions du cardinal Mazarin , en
          vers.";{'@type': 'file_creation', '@when': '2021-11-02', '#text': '2 novembre 2021'};fra;Moreau3661_GBOOKS.xml;LGERM;
34;Moreau684_GBOOKS.xml;8;0.7928388746803069;0.8831544251897467;0.1292676243947768;vers;chanson;False;False;False;;{'@status': 'corrected', '@when': '2022-09-16', '@who': 'AB'};Chants rovaux sur l’Éminence et les partisans.;{'@type': 'file_creation', '@when': '2021-06-03', '#text': '3 juin 2021'};fra;Moreau684_GBOOKS.xml;LGERM;Mazarin
35;Moreau3919_GBOOKS.xml;7;0.6646864686468646;0.791785651688029;0.10565259444742757;prose;prosopopée;False;False;False;;{'@status': 'corrected', '@when': '2022-05-10', '@who': 'ZC'};"La véritable apparition d'Hortensia Buffalini à Jules
          Mazarini, son fils, par P. D. P. P. sieur de Carigny.";{'@type': 'file_creation', '@when': '2021-11-02', '#text': '2 novembre 2021'};fra;Moreau3919_GBOOKS.xml;LGERM;
36;Moreau1122_GBOOKS.xml;18;0.5897139555041896;0.7089695078065891;0.12265651524125681;prose;['dialogue', 'dialogue'];False;False;False;1652-08-19;{'@status': 'corrected', '@when': '2022-06-14', '@who': 'KA'};"Discours faisant voir tout ce qui s’est passé devant et
          après la retraite du C. Mazarin, tant à Compiègne qu'aux armées de messieurs les princes,
          en forme d'entretien entre un cavalier frondeur et un cavalier mazarin, sur le chemin de
          Compiègne à Paris, où se voit l'histoire de sa mauvaise conduite jusques à
          présent.";{'@type': 'file_creation', '@when': '2021-11-02', '#text': '2 novembre 2021'};fra;Moreau1122_GBOOKS.xml;LGERM;
37;Moreau3558_GALL.xml;6;0.7524366471734892;0.8618455077825674;0.07265496994005018;vers;non renseigné;False;False;False;1649-02-19;{'@status': 'corrected', '@when': '2022-07-19', '@who': 'ZC'};"Les rois sans roi, ou Réflexions des rois de la fève sur
          l'enlèvement du roi hors sa bonne ville de Paris.";{'@type': 'file_creation', '@when': '2021-11-02', '#text': '2 novembre 2021'};fra;Moreau3558_GALL.xml;LGERM;
38;Moreau3000_GBOOKS.xml;6;0.691358024691358;0.8026964156274502;0.1267319043181112;prose;['narration', 'récit'];False;False;False;1652-07-11;{'@status': 'corrected', '@when': '2022-09-30', '@who': 'AB'};"Récit véritable contenant tout ce qui s'est fait et passé
          en la dernière assemblée du Parlement, tenue en présence de messieurs les princes, le
          samedi XIII juillet 1652, avec l'union et la généreuse résolution prise en ladite
          assemblée de lever des troupes, pour composer une puissante armée pour délivrer le roy de
          captivité et chasser tous les Mazarins.";{'@type': 'file_creation', '@when': '2026-04-20', '#text': '26 avril 2021'};fra;Moreau3000_GBOOKS.xml;LGERM;Parlement de Paris
39;Moreau1175_GBOOKS.xml;7;0.5804375804375804;0.7400129266712056;0.15642782407442948;prose;['discours adressé', 'affiche'];False;False;False;1651-07-20;{'@status': 'corrected', '@when': '2022-07-06', '@who': 'KA'};Le duc de Beaufort aux bons bourgeois de Paris.;{'@type': 'file_creation', '@when': '2021-11-02', '#text': '2 novembre 2021'};fra;Moreau1175_GBOOKS.xml;LGERM;Beaufort, François de Bourbon-Vendôme, 1616-1669, duc de
40;Moreau1471-i_MAZ.xml;11;0.7084942084942085;0.8306008382145221;0.109321303896307;vers;['burlesque', 'nouvelles'];False;False;False;;{'@status': 'corrected', '@when': '2022-02-11', '@who': 'AB'};La gazette du temps, en vers burlesques.;{'@type': 'file_creation', '@when': '2022-01-31', '#text': '31 janvier 2022'};fra;Moreau1471-i_MAZ.xml;LGERM;"['Louis XIV (1638-1715 ; roi de France)', ""Anne d'Autriche (1601-1666 ; reine de France)""]"
41;Moreau622_GBOOKS.xml;17;0.6566460359563808;0.7551225744811905;0.1217056217110188;prose;['remontrances', 'rhétorique délibérative'];False;False;False;1649-08-18;{'@status': 'corrected', '@when': '2022-04-06', '@who': 'ZC'};"Cantique de réjouissance des bons François pour l’heureux
          retour du roi dans sa bonne ville de Paris, avec une très humble remontrance à la reine
          régente.";{'@type': 'file_creation', '@when': '2021-11-02', '#text': '2 novembre 2021'};fra;Moreau622_GBOOKS.xml;LGERM;
42;Moreau61_GALL.xml;7;0.6051625239005736;0.7331430140798475;0.08901676405066672;vers;almanach;False;False;False;1648-04;{'@status': 'corrected', '@when': '2022-03-24', '@who': 'AB'};"Almanach de la cour pour l'an 1649, fait par M. François
          le Vautier, grand spéculateur des choses présentes.";{'@type': 'file_creation', '@when': '2021-11-02', '#text': '2 novembre 2021'};fra;Moreau61_GALL.xml;LGERM;
43;Moreau4033_GBOOKS.xml;19;0.6216848673946958;0.7631917863196447;0.09501897111060939;prose;dialogue;False;False;False;1652-01-28;{'@status': 'corrected', '@when': '2022-04-13', '@who': 'ZC'};"Le visage de la cour et la contenance des grands, avec
          leur censure et le dialogue du roi et du duc d'Anjou avec la mamman , en
          proverbes.";{'@type': 'file_creation', '@when': '2021-11-02', '#text': '2 novembre 2021'};fra;Moreau4033_GBOOKS.xml;LGERM;
44;Moreau2765_MAZ.xml;39;0.573860301310898;0.7028179332092718;0.11481782965232015;['vers', 'prose'];;False;False;False;1652-02-27;{'@status': 'corrected', '@when': '2022-02-15', '@who': 'AB'};La pierre de touche aux Mazarins.;{'@type': 'file_creation', '@when': '2022-01-31', '#text': '31 janvier 2022'};fra;Moreau2765_MAZ.xml;LGERM;"['Du Bosc de Montandré', ""Anne d'Autriche (1601-1666 ; reine de France)"", 'Louis XIV (1638-1715 ; roi de France)', 'Condé, Louis de Bourbon (1621-1686 ; prince de)', ""Orléans, Gaston (1608-1660 ; duc d')"", ""L'Hôpital, François de (1583-1660)"", ""Harcourt, Henri de Lorraine (1601-1666 ; comte d')"", 'Saintot, Nicolas de (16..-1655)', ""Hocquincourt, Charles de Monchy (1599-1658 ; marquis d')""]"
45;Moreau3844_GBOOKS.xml;6;0.6572687224669603;0.7767215062712919;0.1189701315566421;prose;['narration', 'récit'];False;False;False;1652-10-06;{'@status': 'corrected', '@when': '2022-10-25', '@who': 'AB'};"La trêve arrêtée entre le roi et Son Altesse Royale, pour
          la conclusion de la paix , et ce qui s'est passé sur ce sujet, avec l'éloignement des
          troupes qui sont aux environs de Paris.";{'@type': 'file_creation', '@when': '2022-10-25', '#text': '25 octobre 2022'};fra;Moreau3844_GBOOKS.xml;LGERM;
46;Moreau718_GBOOKS.xml;15;0.594335604770017;0.7178641486303486;0.11257367269146265;prose;;False;False;False;1649-03-30;{'@status': 'corrected', '@when': '2022-03-23', '@who': 'AB'};"Le commerce des nouvelles rétabli, ou le Courrier arrêté
          par la Gazette.";{'@type': 'file_creation', '@when': '2021-11-02', '#text': '2 novembre 2021'};fra;Moreau718_GBOOKS.xml;LGERM;
47;Moreau2986_GBOOKS.xml;8;0.7419087136929461;0.8326760514612265;0.09580063850679411;vers;['burlesque', 'narration', 'récit'];False;False;False;1649-03-11;{'@status': 'corrected', '@when': '2022-09-30', '@who': 'AB'};"Recit de ce qui s'est passé à la conference de Ruel ;
          où se void le sujet du retardement de la paix, causé par Mazarin. Avec la plainte par luy
          faite à ses confidens. En vers burrelesques.";{'@type': 'file_creation', '@when': '2026-04-26', '#text': '26 avril 2021'};fra;Moreau2986_GBOOKS.xml;LGERM;Conférence de Rueil
48;Moreau3936_GBOOKS.xml;6;0.6923076923076923;0.8154788163044188;0.09466625123606277;prose;['discours adressé', 'harangue'];False;False;False;1649-02-19;{'@status': 'corrected', '@when': '2022-05-09', '@who': 'ZC'};"Véritable harangue faite à messieurs du Parlement par le
          courrier envoyé de la part de Son Altesse l'archiduc Léopold, apportant le traité de paix
          entre les couronnes de France et d'Espagne.";{'@type': 'file_creation', '@when': '2021-11-02', '#text': '2 novembre 2021'};fra;Moreau3936_GBOOKS.xml;LGERM;
49;Moreau3655_GBOOKS.xml;31;0.7012302284710018;0.8087027716150833;0.09766544795484428;prose;dédicace;False;False;False;;{'@status': 'corrected', '@when': '2022-10-25', '@who': 'AB'};"Les sentiments divers sur l'arrest du Parlement du
          vingtiesme juillet et sur le discours prétendu de M. Bignon, le 26, sur la lieutenance
          générale.";{'@type': 'file_creation', '@when': '2022-10-25', '#text': '25 octobre 2022'};fra;Moreau3655_GBOOKS.xml;LGERM;
50;Moreau2801_GBOOKS.xml;6;0.5887050770108385;0.7351779446873145;0.0841376040060357;prose;['lamentation', 'regrets'];False;False;False;1652-08-19;{'@status': 'corrected', '@when': '2022-06-16', '@who': 'MF'};"Pleurs et regrets inconsolables de la reine et du
          cardinal Mazarin, avec le congé du roi donné audit cardinal pour sa sortie hors du
          royaume.";{'@type': 'file_creation', '@when': '2021-11-02', '#text': '2 novembre 2021'};fra;Moreau2801_GBOOKS.xml;LGERM;
51;Moreau3273_GBOOKS.xml;16;0.622962782777913;0.76927442413626;0.16419780542612739;prose;narration;False;True;False;1650-10-01;{'@status': 'corrected', '@when': '2022-09-26', '@who': 'AB'};"Le remercîment de la ville de Bordeaux aux généraux de
          son armée, contenant ce qui s'est passé de plus mémorable pendans ses mouvements, pièce
          pour servir à l'histoire.";{'@type': 'file_creation', '@when': '2026-04-20', '#text': '26 avril 2021'};fra;Moreau3273_GBOOKS.xml;LGERM;Bordeaux
52;Moreau2410_MAZ.xml;6;0.5769534333070244;0.7370142723086152;0.10960273775828026;prose;;False;False;False;1652-05-31;{'@status': 'corrected', '@when': '2022-03-15', '@who': 'AB'};"La marche du duc de Lorraine, avec son armée, et tout ce
          qui s'est fait et passé dans les négociations de Son Altesse Royale et du C. Mazarin près
          le duc de Lorraine sur ce sujet.";{'@type': 'file_creation', '@when': '2022-03-02', '#text': '2 mars 2022'};fra;Moreau2410_MAZ.xml;LGERM;"Charles IV (1604-1675 ; duc de Lorraine)"
53;Moreau1156_GBOOKS.xml;8;0.6980421686746988;0.8231874200392733;0.10600813013278532;prose;['rhétorique judiciaire', 'pamphlet'];False;False;False;1649-03-04;{'@status': 'corrected', '@when': '2022-07-29', '@who': 'KA'};"La disgrâce du cardinal Mazarin, arrivée depuis la
          conférence de Ruel.";{'@type': 'file_creation', '@when': '2021-11-02', '#text': '2 novembre 2021'};fra;Moreau1156_GBOOKS.xml;LGERM;
54;Moreau2169_GBOOKS.xml;3;0.6730434782608695;0.7690499329029091;0.17813419945979256;prose;lettre;False;False;False;1649-03-30;{'@status': 'corrected', '@when': '2022-10-06', '@who': 'AB'};"Lettre du roi envoyée à messieurs de la cour des Aydes de
          Paris, du 30 mars 1649, apportée le 31 dudit mois de mars, par le sieur de Saintot, maître
          des cérémonies.";{'@type': 'file_creation', '@when': '2021-06-08', '#text': '8 juin 2021'};fra;Moreau2169_GBOOKS.xml;LGERM;
55;Moreau527_GALL.xml;7;0.6335204490777867;0.7833889666658376;0.09119244428760906;vers;['discours adressé', 'avis'];False;False;False;1651-09-07;{'@status': 'corrected', '@when': '2022-04-04', '@who': 'MF'};"Avis politique au roi, pendant l’année de sa
          majorité.";{'@type': 'file_creation', '@when': '2021-11-02', '#text': '2 novembre 2021'};fra;Moreau527_GALL.xml;LGERM;
56;Moreau453_GBOOKS.xml;8;0.5645578986311506;0.7106322734095922;0.10361190009608334;prose;['discours adressé', 'pamphlet'];False;False;False;1649-03-22;{'@status': 'corrected', '@when': '2022-10-25', '@who': 'AB'};"Avertissements aux rois et aux princes, pour le traité de
          la paix et le sujet de la mort du roi de la Grande-Bretagne";{'@type': 'file_creation', '@when': '2022-10-25', '#text': '25 octobre 2022'};fra;Moreau453_GBOOKS.xml;LGERM;
57;Moreau3544_GBOOKS.xml;18;0.5945310202881505;0.72580497540209;0.11840184229258334;prose;non renseigné;False;False;False;1652-08-19;{'@status': 'corrected', '@when': '2022-07-25', '@who': 'ZC'};"Les rêveries de Mazarin à sa sortie de la cour sur la
          malheureuse issue de ses affaires, et sa conférence avec le sieur Des Forests.";{'@type': 'file_creation', '@when': '2021-11-02', '#text': '2 novembre 2021'};fra;Moreau3544_GBOOKS.xml;LGERM;
58;Moreau1688_GBOOKS.xml;6;0.7189265536723164;0.8508601143957278;0.078590416926313;['vers', 'prose'];;False;False;False;1649-04-30;{'@status': 'corrected', '@when': '2022-04-13', '@who': 'AB'};Imprécations sur les langues endiablées du temps.;{'@type': 'file_creation', '@when': '2021-11-02', '#text': '2 novembre 2021'};fra;Moreau1688_GBOOKS.xml;LGERM;
59;Moreau2124_MAZ.xml;7;0.5900692840646651;0.6979234159225923;0.14865756757678253;prose;lettre;False;False;False;1650-07-04;{'@status': 'corrected', '@when': '2022-03-14', '@who': 'AB'};"Lettre du Parlement de Bordeaux écrite au Parlement de
          Paris, avec le registre dudit Parlement présenté par le député d'icelui audit Parlement de
          Paris, le 6 juillet 1650, sur l'infraction de la paix faite par le duc d'Épernon, la
          liberté de messieurs les princes et les procédures violentes du sieur Froulé.";{'@type': 'file_creation', '@when': '2022-03-02', '#text': '2 mars 2022'};fra;Moreau2124_MAZ.xml;LGERM;"['Condé, Claire-Clémence de Maillé Brézé (1628-1694 ; princesse\n            de)', 'Bourbon, Henri-Jules de (1643-1709)', 'Foullé, Étienne (1600-1673)', 'Bordeaux', 'Guyenne']"
60;Moreau777_GBOOKS.xml;6;0.6103423160961399;0.7524115568213202;0.11219990996616437;prose;non renseigné;False;False;False;;{'@status': 'corrected', '@when': '2022-03-24', '@who': 'AB'};"Conspiration de quatre femmes des plus nobles et des plus
          illustres de Paris, qui ont comploté l’entière ruine de Mazarin.";{'@type': 'file_creation', '@when': '2021-11-02', '#text': '2 novembre 2021'};fra;Moreau777_GBOOKS.xml;LGERM;
61;Moreau2299_GBOOKS.xml;7;0.602065912444663;0.7435081189954132;0.10076649407429038;prose;;False;False;False;1649-03-01;{'@status': 'corrected', '@when': '2022-04-29', '@who': 'AB'};"La liberté de la France et l'anéantissement des ministres
          étrangers.";{'@type': 'file_creation', '@when': '2021-11-02', '#text': '2 novembre 2021'};fra;Moreau2299_GBOOKS.xml;LGERM;
62;Moreau1678_GBOOKS.xml;6;0.6804123711340206;0.8124655528183403;0.10226700117715389;prose;;False;False;False;;{'@status': 'corrected', '@when': '2022-04-13', '@who': 'AB'};"L'illustre conquérante, ou la Généreuse constance de
          madame de Chevreuse.";{'@type': 'file_creation', '@when': '2021-11-02', '#text': '2 novembre 2021'};fra;Moreau1678_GBOOKS.xml;LGERM;Chevreuse, Marie de Rohan-Montbazon, duchesse de, 1600-1679
63;Moreau2562_GBOOKS.xml;17;0.6305776547907298;0.7725339035625098;0.09982883454701387;prose;['remontrances', 'rhétorique délibérative'];False;False;False;1650-01;{'@status': 'corrected', '@when': '2022-10-25', '@who': 'AB'};"Nouvelles remontrances au roi par ses conseillers
          secrétaires, contenant les raisons et moyens de leurs oppositions afin d'être payés sur le
          fait de leurs gages, tant pour l'année dernière 1649 que pour l'avenir.";{'@type': 'file_creation', '@when': '2022-10-25', '#text': '25 octobre 2022'};fra;Moreau2562_GBOOKS.xml;LGERM;
64;Moreau517_GBOOKS.xml;15;0.6331157677773961;0.7622635485929171;0.10668527820824435;prose;['discours adressé', 'avis'];False;False;False;1651-10-08;{'@status': 'corrected', '@when': '2022-04-04', '@who': 'MF'};"Avis Important de M. de Châteauneuf, donné avant le
          départ de Sa Majesté de Fontainebleau, touchant la résolution, qu'on doit prendre sur le
          mécontentement de M. le Prince.";{'@type': 'file_creation', '@when': '2021-11-02', '#text': '2 novembre 2021'};fra;Moreau517_GBOOKS.xml;LGERM;
65;Moreau2055_GBOOKS.xml;3;0.8732394366197183;0.9427010148321623;0.07970335675253708;prose;lettre;False;False;False;1652-09-09;{'@status': 'corrected', '@when': '2022-10-25', '@who': 'AB'};"Lettre de Son Altesse Royale écrite à la reine sur le
          sujet de la paix.";{'@type': 'file_creation', '@when': '2022-10-25', '#text': '25 octobre 2022'};fra;Moreau2055_GBOOKS.xml;LGERM;
66;Moreau2032_MAZ.xml;7;0.6326963906581741;0.7519468518018131;0.12848739631024317;prose;['faux', 'lettre'];False;False;False;1652-04-01;{'@status': 'corrected', '@when': '2022-02-14', '@who': 'AB'};"Lettre de monsieur le Prince à Son Altesse Royale sur le
          sujet de son arrivée aux troupes de messieurs les ducs de Beaufort et de Nemours.";{'@type': 'file_creation', '@when': '2022-01-31', '#text': '31 janvier 2022'};fra;Moreau2032_MAZ.xml;LGERM;"['Du Bosc de Montandré', 'Condé, Louis de Bourbon (1621-1686 ; prince de)', ""Orléans, Gaston (1608-1660 ; duc d')"", 'Beaufort, François de Bourbon-Vendôme (1616-1669 ; duc de)', 'Nemours, Charles-Amédée de Savoie (1624-1652 ; duc de)', ""L'Hôpital, François de (1583-1660)""]"
67;Moreau2048_GBOOKS.xml;4;0.654054054054054;0.7606682533153121;0.2035107049812932;prose;lettre;False;False;False;1650-07-04;{'@status': 'corrected', '@when': '2022-10-10', '@who': 'AB'};"Lettre de remercîment de messieurs du Parlement de
          Bordeaux, écrite toutes les chambres assemblées, envoyées à M. le duc de Beaufort sur le
          sujet de sa bienveillance pour leurs intérêts et de la province de Guyenne.";{'@type': 'file_creation', '@when': '2021-06-08', '#text': '8 juin 2021'};fra;Moreau2048_GBOOKS.xml;LGERM;
68;Labadie299_MAZ.xml;1;0.5006830601092896;0.5840163934426229;0.16325136612021857;['vers', 'prose'];['placard', 'affiche', 'récit', 'chanson'];False;False;"gravure sur
            bois";;{'@status': 'corrected', '@when': '2022-10-04', '@who': 'KA'};"RECIT Veritable du Duel arrivé entre deux soeurs, proche
          de Bordeaux, l'une pour avoir pris le party & deffendu la Fronde & l'autre
          l'Espée, dont l'avantage a esté emporté par la belle Frondeuse";{'@type': 'file_creation', '@when': '2022-09-14', '#text': '14 septembre 2022'};fra;Labadie299_MAZ.xml;LGERM;
69;Moreau1532_GBOOKS.xml;29;0.5985247629083246;0.7546401040664555;0.10705954641387129;prose;['narration', 'apologie', 'lettre'];False;False;False;1649-03-30;{'@status': 'corrected', '@when': '2022-09-12', '@who': 'AB'};"Le guerrier politique; discours qui pourra servir de
          memoire a l'histoire. Dedié aux curieux.";{'@type': 'file_creation', '@when': '2026-04-26', '#text': '26 avril 2021'};fra;Moreau1532_GBOOKS.xml;LGERM;Condé, Louis de Bourbon, prince de, 1621-1686
70;Moreau1063_GALL.xml;14;0.7160077145612344;0.8245459863808821;0.08223801797817468;vers;['ultima verba', 'parodie'];False;False;False;;{'@status': 'corrected', '@when': '2021-11-10', '@who': 'AB'};"Le désespoir de Mazarin sur la condamnation de sa mort,
          et l'adveu qu'il faict de tous ces crimes, en faveur de messieurs les princes et des
          bourgeois de Paris, présenté à Son Altesse Royale.";{'@type': 'file_creation', '@when': '2021-11-02', '#text': '2 novembre 2021'};fra;Moreau1063_GALL.xml;LGERM;
71;Moreau3103_GALL.xml;13;0.5755152260842817;0.7075453010712468;0.09230360790081045;prose;['récit', 'relation'];False;False;False;1649-08-18;{'@status': 'corrected', '@when': '2022-07-06', '@who': 'AB'};"Relation curieuse et remarquable de la pompe royale du
          jour de Saint-Louis, ensemble les harangues et cérémonies faites à Notre-Dame, et de tout
          ce qui s'est passé depuis l'heureuse arrivée du roi jusques à présent.";{'@type': 'file_creation', '@when': '2021-11-02', '#text': '2 novembre 2021'};fra;Moreau3103_GALL.xml;LGERM;Fêtes
72;Moreau3620_MAZ.xml;6;0.6843971631205674;0.7960641718655358;0.11490195773552148;prose;['récit', 'relation'];False;False;False;1652-02-03;{'@status': 'corrected', '@when': '2022-03-18', '@who': 'AB'};"Seconde relation de ce qui s'est fait et passé devant la
          ville d'Angers par monsieur le duc de Rohan et les habitants contre les troupes du
          cardinal Mazarin; d'Angers les 21 et 22 février 1652.";{'@type': 'file_creation', '@when': '2022-03-02', '#text': '2 mars 2022'};fra;Moreau3620_MAZ.xml;LGERM;['Du Bosc de Montandré', 'Rohan, Hercule de (1567-1654)', 'Angers (Maine-et-Loire)']
73;Moreau1407_GBOOKS.xml;6;0.7166866746698679;0.8176455681981233;0.1374170837170911;prose;['pamphlet', 'liste'];False;False;False;1652-07-04;{'@status': 'corrected', '@when': '2022-02-28', '@who': 'AB'};"Le fourrier d’État, marquant le logis de chacun selon sa
          fortune présente.";{'@type': 'file_creation', '@when': '2021-11-02', '#text': '2 novembre 2021'};fra;Moreau1407_GBOOKS.xml;LGERM;
74;Moreau2973_GBOOKS.xml;14;0.5364019253910951;0.6978826116128306;0.10687505807337014;prose;didactique;False;False;False;;{'@status': 'corrected', '@when': '2022-10-25', '@who': 'AB'};"Raisonnements politiques et moraux, ou l'Eschole de
          Mazarin.";{'@type': 'file_creation', '@when': '2022-10-25', '#text': '25 octobre 2022'};fra;Moreau2973_GBOOKS.xml;LGERM;
75;Moreau4037_GALL.xml;7;0.5610666666666667;0.7217939506871119;0.09569225240769723;prose;prophétique;False;False;False;;[{'@status': 'corrected', '@when': '2022-03-01', '@who': 'AB'}, {'@status': 'corrected', '@when': '2022-04-13', '@who': 'ZC'}];"La france prosternée aux pieds de la Vierge pour la
          remercier de la paix, dédié à la reine, par monsieur Mercier.";{'@type': 'file_creation', '@when': '2021-11-02', '#text': '2 novembre 2021'};fra;Moreau4037_GALL.xml;LGERM;
76;Moreau1968_GBOOKS.xml;20;0.4844915586965057;0.74631799251756;0.2383255405968312;['vers', 'prose'];lettre;False;False;False;1649-01-18;{'@status': 'corrected', '@when': '2022-10-07', '@who': 'AB'};"Lettre de messieurs du Parlement de Normandie au roi,
          touchant le refus de recevoir monsieur le comte d'Harcourt.";{'@type': 'file_creation', '@when': '2021-06-08', '#text': '8 juin 2021'};fra;Moreau1968_GBOOKS.xml;LGERM;
77;Moreau2suppl65_GBOOKS.xml;6;0.6784452296819788;0.7995901229133726;0.10000178432508727;['vers', 'prose'];narration;False;False;False;;{'@status': 'corrected', '@when': '2022-10-11', '@who': 'AB'};"La Deffaite des troupes du comte d'Harcourt dans le
          Perigord par le colonel Balthazard.";{'@type': 'file_creation', '@when': '2026-04-20', '#text': '26 avril 2021'};fra;Moreau2suppl65_GBOOKS.xml;LGERM;
78;Labadie335_MAZ.xml;7;0.7550776583034647;0.8557467803816154;0.06871640375171775;vers;stances;False;False;False;;{'@status': 'corrected', '@when': '2022-03-04', '@who': 'AB'};"TRANSPORT (le) de Resouyssance du peuple de Bourdeaux,
          pour Monseigneur le Prince de Condé";{'@type': 'file_creation', '@when': '2022-03-02', '#text': '2 mars 2022'};fra;Labadie335_MAZ.xml;LGERM;"['Condé, Louis de Bourbon (1621-1686\xa0; prince de)', 'Bordeaux']"
79;Moreau2866_GBOOKS.xml;7;0.6699140401146132;0.7905206942037922;0.09188895448764066;vers;burlesque;False;False;False;;{'@status': 'corrected', '@when': '2022-07-05', '@who': 'MF'};"Le prince endormi, le Prince éveillé, et le Burlesque on
          de ce temps qui sait tout, qui fait tout et qui dit tout.";{'@type': 'file_creation', '@when': '2021-11-02', '#text': '2 novembre 2021'};fra;Moreau2866_GBOOKS.xml;LGERM;
80;Moreau3684_GBOOKS.xml;139;0.5356182236641434;0.663701002190562;0.10696113892234774;prose;narration;True;False;False;1650-02-02;{'@status': 'corrected', '@when': '2022-06-08', '@who': 'ZC'};"Sommaire de tout ce qui s'est passé de plus mémorable en
          Angleterre, depuis l'année 1640 jusqu'au 1er janvier 1650, contenant la convocation du
          Parlement, les causes et les effets des troubles, les différences des factions, le procès
          fait au roi, sa condamnation et son exécution de mort, ce qui a été fait pour
          l'établissement d'une république, et des partis qui sont maintenant dans cet état.";{'@type': 'file_creation', '@when': '2021-11-02', '#text': '2 novembre 2021'};fra;Moreau3684_GBOOKS.xml;LGERM;
81;Moreau3787_GALL.xml;7;0.6507009345794392;0.7989246068290897;0.08438330295460458;vers;['poésie', 'burlesque', 'satirique'];False;False;False;1652-05-25;{'@status': 'corrected', '@when': '2022-09-22', '@who': 'AB'};"Le torche-barbe de Mazarin et du maréchal de Turenne à
          l'arrivée de l'armée du duc de Lorraine, et leurs espérances perdues, en vers
          burlesques.";[{'@type': 'file_creation', '@when': '2021-02-17', '#text': '17 février 2021'}, {'@type': 'correction', '@when': '2021-04-27', '#text': '27 avril 2021'}];fra;Moreau3787_GALL.xml;LGERM;
82;Moreau863_GALL.xml;6;0.7222222222222222;0.8697710603335801;0.07078266350842709;vers;['dialogue', 'burlesque', 'satirique'];False;False;False;;{'@status': 'corrected', '@when': '2021-11-08', '@who': 'AB'};"La débauche de quatre monopoleurs, et leurs entretiens
          sur les affaires présentes, en vers burlesques, par monsieur Scaron .";[{'@type': 'file_creation', '@when': '2021-02-19', '#text': '19 février 2021'}, {'@type': 'correction', '@when': '2021-04-14', '#text': '14 avril 2021'}];fra;Moreau863_GALL.xml;LGERM;['Scarron', None]
83;Moreau1731_GBOOKS.xml;38;0.6474970592079466;0.7503420217231743;0.10699390960982655;prose;;False;False;False;;{'@status': 'corrected', '@when': '2022-04-15', '@who': 'AB'};"L'inventaire des sources d'où les désordres de l'État
          sont émanés, qui sont 1. la religion déchirée par les schismes, décriée par ses
          prédicateurs et par les mauvais exemples des grands; 2. le chaos ) des trois états, le
          déréglement du clergé, la décadence de la noblesse et le luxe du peuple; 3. le crime sans
          punition dans les personnes publiques;4. la pauvreté méconnue par les prêtres, et
          l'abondance des biens recherchée; 5. la politique débauchée par le commerce des
          fourbes.";{'@type': 'file_creation', '@when': '2021-11-02', '#text': '2 novembre 2021'};fra;Moreau1731_GBOOKS.xml;LGERM;
84;Moreau1985_MAZ.xml;6;0.5651392632524708;0.713662394383161;0.08918702444800163;prose;lettre;False;False;False;;{'@status': 'corrected', '@when': '2022-02-14', '@who': 'AB'};"Lettre de M. le cardinal Mazarin à M. le prévôt des
          marchands.";{'@type': 'file_creation', '@when': '2022-01-31', '#text': '31 janvier 2022'};fra;Moreau1985_MAZ.xml;LGERM;
85;Moreau1964_GBOOKS.xml;3;0.6379310344827587;0.800552104899931;0.16174948240165632;prose;['lettre', 'texte officiel'];False;False;False;1650-07-04;{'@status': 'corrected', '@when': '2022-10-07', '@who': 'AB'};"Lettre de messieurs du Parlement de Bordeaux écrite au
          roi sur le sujet de la dépêche de Sa Majesté faite audit Parlement, étant en sa ville
          d'Angoulême.";{'@type': 'file_creation', '@when': '2021-06-08', '#text': '8 juin 2021'};fra;Moreau1964_GBOOKS.xml;LGERM;
86;Moreau640_GBOOKS.xml;7;0.7773237997957099;0.8797483120299757;0.08069043206820106;vers;['burlesque', 'pamphlet'];False;False;False;1651-03-11;{'@status': 'corrected', '@when': '2022-10-31', '@who': 'KA'};Le caresme prenant de Mazarin.;{'@type': 'file_creation', '@when': '2022-09-14', '#text': '14 septembre 2022'};fra;Moreau640_GBOOKS.xml;LGERM;
87;Moreau1329_GBOOKS.xml;6;0.5821129707112971;0.7288198060026868;0.09343882213849934;prose;;False;False;False;1649-01-30;{'@status': 'corrected', '@when': '2022-02-24', '@who': 'AB'};"Exhortation de la Pucelle d'Orléans, à tous les princes
          de la terre, de faire une paix générale tous ensemble, pour venger la mort du roi
          d’Angleterre par une guerre toute particulière.";{'@type': 'file_creation', '@when': '2021-11-02', '#text': '2 novembre 2021'};fra;Moreau1329_GBOOKS.xml;LGERM;
88;Moreau1746_GBOOKS.xml;15;0.5915955351280368;0.7230331170850051;0.12787498243590079;prose;narration;False;False;False;1652-05-25;{'@status': 'corrected', '@when': '2022-10-25', '@who': 'AB'};"Journal de ce qui s'est passé au siége d'Étampes entre
          l'armée du maréchal de Turenne et celle de messieurs les princes.";{'@type': 'file_creation', '@when': '2022-10-25', '#text': '25 octobre 2022'};fra;Moreau1746_GBOOKS.xml;LGERM;
89;Moreau2006_MAZ.xml;4;0.6268472906403941;0.786820005997747;0.10822662244433726;prose;['lettre', 'faux'];False;False;False;1650-01-18;{'@status': 'corrected', '@when': '2022-02-14', '@who': 'AB'};"Lettre de monseigneur le prince de Condé à messieurs de
          Paris.";{'@type': 'file_creation', '@when': '2022-01-31', '#text': '31 janvier 2022'};fra;Moreau2006_MAZ.xml;LGERM;
90;Moreau1896_GBOOKS.xml;8;0.6401288541187299;0.7363657905429508;0.12860806835073374;prose;lettre;False;False;False;;{'@status': 'corrected', '@when': '2022-10-06', '@who': 'AB'};"La lettre d'un secretaire de S. Innocent, a Jules
          Mazarin.";{'@type': 'file_creation', '@when': '2021-06-08', '#text': '8 juin 2021'};fra;Moreau1896_GBOOKS.xml;LGERM;
91;Moreau2447_GBOOKS.xml;21;0.5495508761596231;0.6832920291921611;0.11397411508569644;prose;['mémoire', 'rhétorique judiciaire', 'plainte'];False;False;False;1649-09-05;{'@status': 'corrected', '@when': '2022-05-16', '@who': 'MF'};"Mémoires et plaintes des rentiers de l'Hôtel de Ville de
          Paris sur les contraventions aux arrêts, réglements et déclaration d'octobre 1648,
          présentés à nos seigneurs du Parlement.";{'@type': 'file_creation', '@when': '2021-11-02', '#text': '2 novembre 2021'};fra;Moreau2447_GBOOKS.xml;LGERM;Rentes de l'Hôtel de Ville
92;Moreau1679_MAZ.xml;15;0.5727838719241032;0.7107969783910627;0.12009603777403768;prose;;False;False;False;1649-01-13;{'@status': 'corrected', '@when': '2022-03-14', '@who': 'AB'};"L'illustre prince duc de Beaufort, exilé, rétabli, et
          remis au trône de sa gloire.";{'@type': 'file_creation', '@when': '2022-03-02', '#text': '2 mars 2022'};fra;Moreau1679_MAZ.xml;LGERM;"['Beaufort, François de Bourbon-Vendôme (1616-1669\xa0; duc de)', 'Vendôme, César de Bourbon (1594-1665 ; duc de)']"
93;Moreau29_GBOOKS.xml;6;0.574719800747198;0.7106204422774433;0.13021438661057508;prose;rhétorique épidictique;False;False;False;1649-08-18;{'@status': 'corrected', '@when': '2022-03-24', '@who': 'AB'};"Les actions de grâces des bourgeois et habitants de la
          ville de Paris faictes au roy, à la reyne et aux princes après l'hereux retour de Sa
          Majesté en sa bonne ville de Paris";{'@type': 'file_creation', '@when': '2021-11-02', '#text': '2 novembre 2021'};fra;Moreau29_GBOOKS.xml;LGERM;"[""Orléans, Gaston, duc d', 1608-1660"", 'Louis, roi de France, XIV, 1638-1715', ""Anne d'Autriche, 1601-1666"", 'Condé, Louis de Bourbon, prince de, 1621-1686', 'Paris (France), Bois de Vincennes']"
94;Moreau3565_GBOOKS.xml;7;0.6688697951090549;0.791506164023306;0.10934450349651313;prose;non renseigné;False;False;False;1652-08-26;{'@status': 'corrected', '@when': '2022-07-18', '@who': 'ZC'};"La ruine de l'impiété parisienne du temps, dédiée à
          messieurs les prétendus commétropolitains de Paris.";{'@type': 'file_creation', '@when': '2021-11-02', '#text': '2 novembre 2021'};fra;Moreau3565_GBOOKS.xml;LGERM;
95;Moreau803_GBOOKS.xml;17;0.5564648117839607;0.6817434372911352;0.10442690198828497;prose;non renseigné;False;False;False;1651-07-06;{'@status': 'corrected', '@when': '2021-11-18', '@who': 'AB'};Le coup d’Etat du prince de Condé.;{'@type': 'file_creation', '@when': '2021-11-02', '#text': '2 novembre 2021'};fra;Moreau803_GBOOKS.xml;LGERM;
96;Moreau1545_GBOOKS.xml;27;0.6320790573926264;0.819882025187802;0.23176303883965754;prose;['discours adressé', 'harangue'];False;False;False;1649-03-01;{'@status': 'corrected', '@when': '2022-04-13', '@who': 'MF'};"Harangue d'un capitaine allemand, faite à la reine de
          France.";{'@type': 'file_creation', '@when': '2021-11-02', '#text': '2 novembre 2021'};fra;Moreau1545_GBOOKS.xml;LGERM;"[""Anne d'Autriche, 1601-1666"", 'Régence']"
97;Moreau2317_GBOOKS.xml;5;0.7247820672478207;0.8336980624856262;0.07186355511242276;prose;;False;False;False;1652-07-04;{'@status': 'corrected', '@when': '2022-05-05', '@who': 'AB'};"Liste générale de tous les mazarins qui ont été déclarés
          et nommés, demeurants dans la ville et faubourgs de Paris, avec leurs noms, surnoms et
          demeures.";{'@type': 'file_creation', '@when': '2021-11-02', '#text': '2 novembre 2021'};fra;Moreau2317_GBOOKS.xml;LGERM;
98;Moreau2096_GBOOKS.xml;6;0.7429340511440108;0.8687634253613689;0.14508667220539648;prose;lettre;False;False;False;1651-02-28;{'@status': 'corrected', '@when': '2022-10-10', '@who': 'AB'};"Lettre du cardinal Mazarin, envoyée à la reine touchant
          sa sortie hors du royaume, du 6 mars 1651.";{'@type': 'file_creation', '@when': '2021-06-08', '#text': '8 juin 2021'};fra;Moreau2096_GBOOKS.xml;LGERM;
99;Moreau1644_MAZ.xml;249;0.5575464057257145;0.6850785209967258;0.09997152957037962;prose;;False;False;True;1648-04;{'@status': 'corrected', '@when': '2022-02-01', '@who': 'AB'};"L'histoire du temps, ou le Véritable récit de ce qui
          s'est passé dans le Parlement, depuis le mois d'août 1647 jusques au mois de novembre
          1648, avec les harangues et les avis différents qui ont été proposés dans les affaires
          qu'on y a solennellement traitées.";{'@type': 'file_creation', '@when': '2022-01-31', '#text': '31 janvier 2022'};fra;Moreau1644_MAZ.xml;LGERM;['France. Parlement de\n            Paris', 'France -- 1648-1653 (Fronde)']
100;Moreau1962_GBOOKS.xml;4;0.7276264591439688;0.8044802333889022;0.13653350003969197;prose;['lettre', 'réponse'];False;False;False;1651-02-13;{'@status': 'corrected', '@when': '2022-10-25', '@who': 'AB'};"Lettre de messieurs de la cour du Parlement de Bordeaux,
          pour réponse à la lettre de messieurs de la cour du Parlement de Paris, concernant les
          arrêts donnés contre le cardinal Mazarin, et pour la liberté de messieurs les
          princes.";{'@type': 'file_creation', '@when': '2022-10-25', '#text': '25 octobre 2022'};fra;Moreau1962_GBOOKS.xml;LGERM;"Emprisonnement des
            Princes"
101;Moreau1595_GBOOKS.xml;7;0.6661585365853658;0.7804532598492868;0.1040422122507892;prose;['discours adressé', 'harangue'];False;False;False;1652-07-04;{'@status': 'corrected', '@when': '2022-04-22', '@who': 'MF'};"La harangue faite au roi par M. Charpentier, conseiller
          en Parlement et un des députés vers Sa Ma jesté , pour l'éloignement du cardinal Mazarin,
          et pour la conclusion de la paix générale, prononcée à Saint Denys, le huitième juillet
          1652.";{'@type': 'file_creation', '@when': '2021-11-02', '#text': '2 novembre 2021'};fra;Moreau1595_GBOOKS.xml;LGERM;
102;Moreau675_GALL.xml;7;0.6837513631406761;0.8299764234544361;0.10252947578367264;vers;['poésie', 'burlesque', 'satirique'];False;False;False;1651-03-11;{'@status': 'corrected', '@when': '2021-11-08', '@who': 'AB'};"Cent quatre vers contre ceux qui font passer leurs
          libelles diffamatoires sous le nom d'autrui, par M. Scaron.";[{'@type': 'file_creation', '@when': '2021-02-11', '#text': '11 février 2021'}, {'@type': 'correction', '@when': '2021-04-14', '#text': '14 avril 2021'}];fra;Moreau675_GALL.xml;LGERM;[None, 'Scarron']
103;Moreau2832_GALL.xml;6;0.516320474777448;0.7352838595030878;0.05260431716341085;vers;pro et contra;False;False;False;;{'@status': 'corrected', '@when': '2022-06-27', '@who': 'MF'};Le pour et le contre de la cour.;{'@type': 'file_creation', '@when': '2021-11-02', '#text': '2 novembre 2021'};fra;Moreau2832_GALL.xml;LGERM;
104;Moreau1623_GBOOKS.xml;7;0.6998381877022654;0.8264173824235309;0.10032588608599456;['prose', 'vers'];discours adressé;False;False;False;1649-03-15;{'@status': 'corrected', '@when': '2022-10-25', '@who': 'AB'};"Le héraut et l'arrêt des trois États, ensemble les
          questions d'une abbesse sur la demeure du roi.";{'@type': 'file_creation', '@when': '2022-10-25', '#text': '25 octobre 2022'};fra;Moreau1623_GBOOKS.xml;LGERM;
105;Moreau1077_GALL.xml;7;0.6892583120204604;0.8184246492540057;0.09205117639436677;prose;dialogue;False;False;False;;{'@status': 'corrected', '@when': '2021-11-10', '@who': 'AB'};"Dialogue de deux feuillantines sur les affaires de
          Mazarin.";{'@type': 'file_creation', '@when': '2021-11-02', '#text': '2 novembre 2021'};fra;Moreau1077_GALL.xml;LGERM;['Louis XIV', 'France']
106;Moreau1104_MAZ.xml;14;0.5888581952117864;0.7065612624910841;0.11087577450389188;prose;discours adressé;False;False;False;1650-01-18;{'@status': 'corrected', '@when': '2022-02-10', '@who': 'AB'};"Discours consolatoire à madame la princesse douairière
          sur l’emprisonnement de messieurs les princes de Condé et de Conty, ses enfants.";{'@type': 'file_creation', '@when': '2022-01-31', '#text': '31 janvier 2022'};fra;Moreau1104_MAZ.xml;LGERM;"['Emprisonnement des\n            princes', 'Conti, Armand de Bourbon (1629-1666\xa0; prince de)', 'Condé, Louis de Bourbon (1621-1686\xa0; prince de)']"
107;Moreau4071_GBOOKS.xml;5;0.6211631663974152;0.7908115141655025;0.10034586119523628;prose;['harangue', 'discours adressé'];False;False;False;1649-02-19;{'@status': 'corrected', '@when': '2022-05-02', '@who': 'ZC'};"Le vrai Parisien et la harangue d'un bourgeois faite à
          ses compagnons, allant au dernier convoi.";{'@type': 'file_creation', '@when': '2021-11-02', '#text': '2 novembre 2021'};fra;Moreau4071_GBOOKS.xml;LGERM;
108;Moreau2374_GBOOKS.xml;14;0.5817048994619088;0.7121402556950395;0.11496425898396376;prose;manifeste;False;False;False;1652-01-28;{'@status': 'corrected', '@when': '2022-05-19', '@who': 'AB'};"Le manifeste de M. de Châteauneuf, touchant les raisons
          de sa retraite hors de la cour.";{'@type': 'file_creation', '@when': '2021-11-02', '#text': '2 novembre 2021'};fra;Moreau2374_GBOOKS.xml;LGERM;
109;Moreau3184_GBOOKS.xml;6;0.5968;0.7871653469700836;0.1244258439535874;prose;['récit', 'relation'];False;False;False;1652-04-07;{'@status': 'corrected', '@when': '2022-07-08', '@who': 'AB'};"La relation véritable contenant la prise de la ville et
          château par force de Montargis par l'armée de Son Altesse Royale.";{'@type': 'file_creation', '@when': '2021-11-02', '#text': '2 novembre 2021'};fra;Moreau3184_GBOOKS.xml;LGERM;['Siège', 'Montargis']
110;Moreau1200_GALL.xml;5;0.6106048053024027;0.7670189252241951;0.18672757007665122;prose;['narration', 'pamphlet'];False;False;False;;{'@status': 'corrected', '@when': '2022-09-07', '@who': 'AB'};"L'éffroyable accouchement d’un monstre dans Paris et de
          ce qui s’est ensuivi apres sa naissance.";{'@type': 'file_creation', '@when': '2021-04-20', '#text': '20 avril 2021'};fra;Moreau1200_GALL.xml;LGERM;Mazarin
111;Moreau1758_GBOOKS.xml;6;0.6560574948665298;0.7467184648851594;0.17483569516753783;prose;narration;False;False;False;1652-09-26;{'@status': 'corrected', '@when': '2022-10-25', '@who': 'AB'};"Journal de tout ce qui s'est passé par tout le royaume de
          France, ensemble ce qui s'est passé dans le conseil du roi et de messieurs les princes et
          du Parlement ( 23- 27 septembre).";{'@type': 'file_creation', '@when': '2022-10-25', '#text': '25 octobre 2022'};fra;Moreau1758_GBOOKS.xml;LGERM;Parlement de Paris
112;Moreau3270_GALL.xml;29;0.6319592010199745;0.7407965935150126;0.14495085236061034;prose;;False;False;False;1649-03-30;{'@status': 'corrected', '@when': '2022-07-12', '@who': 'AB'};"Remède aux malheurs de l'État de France au sujet de la
          question: Que la voix du peuple est la voix de Dieu.";{'@type': 'file_creation', '@when': '2021-11-02', '#text': '2 novembre 2021'};fra;Moreau3270_GALL.xml;LGERM;"['Louis, roi de France, XIV, 1638-1715', ""Anne d'Autriche, 1601-1666"", 'France, États généraux', ""France, Conseil d'État"", 'Parlement de Paris', 'Rois et souverains, Succession', 'Pouvoir royal', 'Régence', 'Impôts', 'Paris, 1649 (blocus)', 'Grande-Bretagne, 1642-1651 (guerre civile)']"
113;Moreau3859_GALL.xml;10;0.41585365853658535;0.6565068011179587;0.09697300280035168;vers;['chanson', 'prophétique', 'triolet'];False;False;False;1649-03-04;{'@status': 'corrected', '@when': '2022-09-21', '@who': 'AB'};"Les triolets du temps, selon les visions d'un petit
          fils du grand Nostradamus. Faits pour la consolation des bons François. Et dediés au
          Parlement.";{'@type': 'file_creation', '@when': '2021-06-03', '#text': '3 juin 2021'};fra;Moreau3859_GALL.xml;LGERM;['Nostradamus', 'Marigny', 'Mazarin', 'Cyrano de Bergerac']
114;Moreau2546_MAZ.xml;7;0.6365019011406844;0.7453541960165807;0.13429341839383122;prose;lettre;False;False;False;1650-11-15;{'@status': 'corrected', '@when': '2022-03-16', '@who': 'AB'};"La nouvelle extraordinaire contenant tout ce qui s'est
          fait et passé en Champagne depuis l'arrivée de l'armée du roi, commandée par monseigneur
          le cardinal Mazarin, avec la prise du château et garnison de Chemery par le sieur de La
          Marre, envoyée à monsieur le maréchal de Lhopital, gouverneur de la ville de Paris et seul
          lieutenant-général pour le roi en Champagne et Brie, par le sieur de Saint-Sauflieu ,
          gouverneur de Donchery.";{'@type': 'file_creation', '@when': '2022-03-02', '#text': '2 mars 2022'};fra;Moreau2546_MAZ.xml;LGERM;['La Marre, de', 'Chémery-sur-Bar']
115;Moreau325_GBOOKS.xml;4;0.7450424929178471;0.852338764542452;0.11218876967340533;prose;['texte officiel', 'arrêt'];False;False;False;;{'@status': 'corrected', '@when': '2022-10-25', '@who': 'AB'};"Arrêt de nos seigneurs du parlement, toutes les chambres
          assemblées, portant cassation de la prétendue translation dudit parlement, à Pontoise, par
          treize ou quatorze présidents et conseillers de ladite cour.";{'@type': 'file_creation', '@when': '2022-10-25', '#text': '25 octobre 2022'};fra;Moreau325_GBOOKS.xml;LGERM;['Parlement de Paris', 'Parlements']
116;Moreau2201_GBOOKS.xml;6;0.6231481481481481;0.7959669873917884;0.08604732555945295;prose;lettre;False;False;False;00-00-0000;{'@status': 'corrected', '@when': '2022-10-04', '@who': 'AB'};"Lettre du sieur du Pelletier à monseigneur le duc de
          Beaufort, du dixième février 1649, sur son heureuse entreprise pour les armes du roi et
          des bons François.";{'@type': 'file_creation', '@when': '2021-06-08', '#text': '8 juin 2021'};fra;Moreau2201_GBOOKS.xml;LGERM;
117;Moreau1666_GBOOKS.xml;25;0.5853251092264199;0.7137409724190696;0.11444384444155603;prose;['narration', 'prophétique', 'astrologie'];False;False;False;;{'@status': 'corrected', '@when': '2022-09-12', '@who': 'AB'};"L'horoscope du roi, donnant à connoître le gouvernement
          de l'État sur les affaires présentes et pour l'avenir.";{'@type': 'file_creation', '@when': '2026-04-20', '#text': '26 avril 2021'};fra;Moreau1666_GBOOKS.xml;LGERM;Gouvernement
118;Moreau1840_GBOOKS.xml;7;0.6892829606784888;0.8085066719468524;0.09604906815367824;prose;lettre;False;False;False;1651-10-08;{'@status': 'corrected', '@when': '2022-04-26', '@who': 'AB'};"Lettre d'avis d'un marchand de Cologne à un bourgeois de
          Paris, sur la marche du cardinal Mazarin. De Cologne, ce dernier novembre 1651.";{'@type': 'file_creation', '@when': '2021-11-02', '#text': '2 novembre 2021'};fra;Moreau1840_GBOOKS.xml;LGERM;
119;Moreau1605_GBOOKS.xml;5;0.5873517786561265;0.7230258124120854;0.09325191526289806;prose;;False;False;False;1652-02-28;{'@status': 'corrected', '@when': '2022-04-07', '@who': 'AB'};"Harangue faite par monsieur Talon à messieurs du
          Parlement, en présence de Son Altesse Royale et de messieurs les princes, sur les
          approches du cardinal Mazarin dans les conseils du roi.";{'@type': 'file_creation', '@when': '2021-11-02', '#text': '2 novembre 2021'};fra;Moreau1605_GBOOKS.xml;LGERM;
120;Moreau2506_GBOOKS.xml;10;0.5436024844720497;0.6736545940955253;0.1061134112155788;prose;parodie;False;False;False;1650-05-09;{'@status': 'corrected', '@when': '2022-05-24', '@who': 'MF'};"Motifs du traité de madame de Longueville et de monsieur
          de Turenne avec le roi catholique, revus et corrigés.";{'@type': 'file_creation', '@when': '2021-11-02', '#text': '2 novembre 2021'};fra;Moreau2506_GBOOKS.xml;LGERM;
121;Moreau1102_MAZ.xml;31;0.5392561983471075;0.6522966541014946;0.13245593077420803;prose;discours adressé;False;False;False;1650-01-18;{'@status': 'corrected', '@when': '2022-02-10', '@who': 'AB'};"Discours au parlement sur la détention des
          princes.";{'@type': 'file_creation', '@when': '2022-01-31', '#text': '31 janvier 2022'};fra;Moreau1102_MAZ.xml;LGERM;"['Emprisonnement des\n            princes', 'Condé, Louis de Bourbon (1621-1686 ; prince de)', 'Longueville, Henri II (1595-1663 ; duc de)', 'Conti, Armand de Bourbon (1629-1666 ; prince de)']"
122;Moreau118_GBOOKS.xml;18;0.5951332560834299;0.709060104939218;0.11769937276171344;prose;rhétorique judiciaire;False;False;False;1651-10-01;{'@status': 'corrected', '@when': '2022-03-11', '@who': 'KA'};"Apologie particulière de monseigneur le prince de Conty,
          pour la justification entière de sa conduite, présentée à messieurs du parlement.";{'@type': 'file_creation', '@when': '2021-11-02', '#text': '2 novembre 2021'};fra;Moreau118_GBOOKS.xml;LGERM;
123;Moreau2427_GBOOKS.xml;44;0.6378491354740642;0.7541163590934599;0.11415508381500525;prose;['formes gnomiques', 'maximes'];False;False;False;1649-03-15;{'@status': 'corrected', '@when': '2022-05-10', '@who': 'MF'};"Maximes morales et chrétiennes pour le repos des
          consciences dans les affaires présentes, pour servir d'instruction aux curés, aux
          confesseurs, aux prédicateurs, dressées et envoyées de Saint-Germain-en-Laye par un
          théologien, fidèle officier du roi, à messieurs du Parlement.";{'@type': 'file_creation', '@when': '2021-11-02', '#text': '2 novembre 2021'};fra;Moreau2427_GBOOKS.xml;LGERM;
124;Moreau1556_GBOOKS.xml;12;0.5695089176643049;0.697368345425366;0.1235287712999732;prose;['discours adressé', 'harangue'];False;False;False;1649-09-05;{'@status': 'corrected', '@when': '2022-04-14', '@who': 'MF'};"Harangue de M. Servient (, faite aux Hollandois, sur le
          sujet de leur traité de paix avec l'Espagnol.";{'@type': 'file_creation', '@when': '2021-11-02', '#text': '2 novembre 2021'};fra;Moreau1556_GBOOKS.xml;LGERM;Pays-Bas, 1556-1648 (Guerres d'indépendance)
125;Moreau2023_GBOOKS.xml;2;0.6307385229540918;0.7629206730769231;0.09852430555555555;prose;lettre;False;False;False;;{'@status': 'corrected', '@when': '2022-09-05', '@who': 'AB'};"Lettre de monsieur le garde des sceaux de France et
          premier président à M. le président de Bailleul.";{'@type': 'file_creation', '@when': '2021-11-02', '#text': '2 novembre 2021'};fra;Moreau2023_GBOOKS.xml;LGERM;
126;Moreau2230_GBOOKS.xml;7;0.6243622448979592;0.7507069734231762;0.10963239608218675;prose;lettre;False;False;False;1649-02-11;{'@status': 'corrected', '@when': '2022-10-04', '@who': 'AB'};"La lettre envoyée à monsieur le lieutenant général de la
          ville de Soissons, le 15 février 1649, touchant la grande affection que ledit lieutenant a
          témoigné avoir pour le roi et son Parlement, d'avoir fait fermer les portes de ladite
          ville contre les traitres échevins qui venoient d'offrir les clefs au cardinal Mazarin. A
          Saint-Germain-en-Laye, écrite par un fidèle sujet du roi, affectionné au bien de sa
          patrie.";{'@type': 'file_creation', '@when': '2021-06-08', '#text': '8 juin 2021'};fra;Moreau2230_GBOOKS.xml;LGERM;
127;Moreau1064_GALL.xml;7;0.6415929203539823;0.790922990662511;0.07398861421138402;vers;non renseigné;False;False;False;1649-04-30;{'@status': 'corrected', '@when': '2021-11-10', '@who': 'AB'};Le deuil de Paris sur l’éloignement du roi.;{'@type': 'file_creation', '@when': '2021-11-02', '#text': '2 novembre 2021'};fra;Moreau1064_GALL.xml;LGERM;['Louis XIV', 'France']
128;Moreau1391_GBOOKS.xml;6;0.6973094170403588;0.8197099450626917;0.07815077246291367;vers;['burlesque', 'traduction'];False;False;False;1649-03-22;{'@status': 'corrected', '@when': '2022-10-25', '@who': 'AB'};"Fidèle traduction du sermon de Pâques fleuries, fait, en
          présence du roi et de sa cour, par un père théatin, dans l’église de Saint-Germain en
          Laye, en vers burlesques.";{'@type': 'file_creation', '@when': '2022-10-25', '#text': '25 octobre 2022'};fra;Moreau1391_GBOOKS.xml;LGERM;
129;Moreau1359_MAZ.xml;6;0.6168831168831169;0.7642893368689245;0.09532221298702469;prose;;False;False;False;;{'@status': 'corrected', '@when': '2022-02-10', '@who': 'AB'};"La facétieuse défaite d’un boulanger par le général
          Herspel Rhusma.";{'@type': 'file_creation', '@when': '2022-01-31', '#text': '31 janvier 2022'};fra;Moreau1359_MAZ.xml;LGERM;"Condé, Louis de Bourbon (1621-1686 ; prince de)"
130;Moreau3248_GBOOKS.xml;6;0.649025069637883;0.7608552253086259;0.1186194583527168;prose;['narration', 'récit'];False;False;False;;{'@status': 'corrected', '@when': '2022-09-26', '@who': 'AB'};"Relation véritable de tout ce qui s'est fait et passé à
          la prise des châteaux de Linchamp et Château Regnault, proche Charleville, par le marquis
          de Noir-montier , et la prise du sieur de Saint- Etienne fils, gouverneur, avec le nombre
          de ceux qui ont été tués et blessés.";{'@type': 'file_creation', '@when': '2026-04-20', '#text': '26 avril 2021'};fra;Moreau3248_GBOOKS.xml;LGERM;
131;Moreau503_GBOOKS.xml;6;0.6820744081172492;0.8078482327127353;0.12138983917721262;prose;['discours adressé', 'avis'];False;False;False;1649-01-13;{'@status': 'corrected', '@when': '2022-04-04', '@who': 'MF'};"Avis d’un hermite solitaire à Mazarin, sur les
          conspirations qu’il a faites contre nos seigneurs de Beaufort et de Vendôme.";{'@type': 'file_creation', '@when': '2021-11-02', '#text': '2 novembre 2021'};fra;Moreau503_GBOOKS.xml;LGERM;
132;Moreau702_GBOOKS.xml;6;0.7344345616264295;0.8557903315670305;0.0771858565517546;vers;épigramme;False;False;False;1651-02-13;{'@status': 'corrected', '@when': '2022-03-21', '@who': 'AB'};"Le claquet de la fronde sur la liberté des princes, avec
          une élégie aux dames frondeuses, par le Menuisier de Nevers.";{'@type': 'file_creation', '@when': '2021-11-02', '#text': '2 novembre 2021'};fra;Moreau702_GBOOKS.xml;LGERM;
133;Moreau1suppl210_GBOOKS.xml;7;0.5978260869565217;0.7678679172880193;0.10595000439854582;prose;lettre;False;False;False;;{'@status': 'corrected', '@when': '2022-09-27', '@who': 'KA'};"Responce des bourgeois de Paris à monseigneur le Prince ,
          présentée par eux à Son Altesse , etc";{'@type': 'file_creation', '@when': '2021-11-02', '#text': '2 novembre 2021'};fra;Moreau1suppl210_GBOOKS.xml;LGERM;
134;Moreau711_GBOOKS.xml;6;0.5301837270341208;0.6955601181384806;0.11004023060019504;prose;['dialogue', 'prosopopée', 'pro et contra'];False;False;False;;{'@status': 'corrected', '@when': '2022-10-25', '@who': 'AB'};Combat du bon et du mauvais ange de la reine.;{'@type': 'file_creation', '@when': '2022-10-25', '#text': '25 octobre 2022'};fra;Moreau711_GBOOKS.xml;LGERM;
135;Moreau2728_GBOOKS.xml;6;0.7594728171334432;0.8766660874573179;0.11969447014803085;vers;narration;False;False;False;;{'@status': 'corrected', '@when': '2022-09-30', '@who': 'AB'};"Passage de Jules Mazarin, avec le récit des plus belles
          pièces trouvées en son inventaire.";{'@type': 'file_creation', '@when': '2026-04-26', '#text': '26 avril 2021'};fra;Moreau2728_GBOOKS.xml;LGERM;
136;Moreau2421_GBOOKS.xml;27;0.6261696347721099;0.7409591484136615;0.09882531238474054;['prose', 'vers'];['épigramme', 'maxime', 'formes gnomiques', 'éloge', 'rhétorique épidictique'];False;False;False;1651-01-20;{'@status': 'corrected', '@when': '2022-10-25', '@who': 'AB'};"Le mausolée de la politique et de la justice dressé à la
          mémoire des deux frères illustres, M. le comte d 'Avaux et M. le président de Mesmes,
          décédés bien peu de temps l'un après l'autre.";{'@type': 'file_creation', '@when': '2022-10-25', '#text': '25 octobre 2022'};fra;Moreau2421_GBOOKS.xml;LGERM;
137;Moreau4051_GBOOKS.xml;7;0.6921278254091972;0.8125091372340902;0.09381182229824571;prose;pamphlet;False;False;False;;{'@status': 'corrected', '@when': '2022-10-25', '@who': 'AB'};Voici ce que l'on ne sait pas.;{'@type': 'file_creation', '@when': '2022-10-25', '#text': '25 octobre 2022'};fra;Moreau4051_GBOOKS.xml;LGERM;
138;Moreau1757_GBOOKS.xml;15;0.6119359534206695;0.7219897477308557;0.12338740343401722;prose;['narration', 'relation'];False;False;False;1652-02-27;{'@status': 'corrected', '@when': '2022-09-13', '@who': 'AB'};"Journal de tout ce qui s'est passé entre l'armée du roi,
          commandée par M. le comte d'Harcourt, et celle de monsieur le Prince, depuis le 22 février
          jusqu'à présent, avec les particularités et la marche de leurs armées ès pays de Guyenne,
          Périgord, Xaintonge et autres lieux.";{'@type': 'file_creation', '@when': '2026-04-26', '#text': '26 avril 2021'};fra;Moreau1757_GBOOKS.xml;LGERM;
139;Moreau3142_MAZ.xml;26;0.6014827248566234;0.7075423226588912;0.11881644907400196;prose;['récit', 'relation', 'contrefaçon'];False;False;False;;{'@status': 'corrected', '@when': '2022-03-18', '@who': 'AB'};"Relation de tout ce qui s'est fait et passé de messieurs
          les princes de Condé, de Conty, du duc de Longueville jusqu'à présent.";{'@type': 'file_creation', '@when': '2022-03-02', '#text': '2 mars 2022'};fra;Moreau3142_MAZ.xml;LGERM;"['Emprisonnement des\n            princes', 'Condé, Louis de Bourbon (1621-1686\xa0; prince de)', 'Longueville, Henri II (1595-1663 ; duc de)', 'Conti, Armand de Bourbon (1629-1666 ; prince de)']"
140;Moreau1504_GALL.xml;19;0.5856685348278623;0.7107448060536551;0.11387668961068662;['vers', 'prose'];non renseigné;False;False;False;1651-04-05;{'@status': 'corrected', '@when': '2022-04-06', '@who': 'MF'};"Le grand ballet ou le Branle de sortie dansé sur le
          théâtre de la France par le cardinal Mazarin et par toute la suite des cardinalistes et
          mazarinistes. De l'impression de Bâle, en la boutique de maître Personne, à la rue
          Partout, à l'enseigne de la Vérité toute nue en hyver.";{'@type': 'file_creation', '@when': '2021-11-02', '#text': '2 novembre 2021'};fra;Moreau1504_GALL.xml;LGERM;
141;Moreau2094_GBOOKS.xml;6;0.7627551020408163;0.8674102426597642;0.10344490180562016;prose;lettre;False;False;False;1649-01-11;{'@status': 'corrected', '@when': '2022-10-10', '@who': 'AB'};"Lettre du cardinal Mazarin écrite au comte Pigneranda,
          plénipotentiaire d'Espagne pour la paix générale à Munster, par laquelle se justifie le
          mauvais dessein du cardinal Mazarin, tant sur la ville de Paris que sur tout
          l'État.";{'@type': 'file_creation', '@when': '2021-06-08', '#text': '8 juin 2021'};fra;Moreau2094_GBOOKS.xml;LGERM;
142;Moreau2730_MAZ.xml;10;0.6730769230769231;0.7890993765425349;0.08728629440147351;vers;burlesque;False;False;False;1649-01-08;{'@status': 'corrected', '@when': '2022-03-17', '@who': 'AB'};"Le passeport, et l'adieu de Mazarin, en vers
          burlesques.";{'@type': 'file_creation', '@when': '2022-03-02', '#text': '2 mars 2022'};fra;Moreau2730_MAZ.xml;LGERM;Scarron
143;Moreau3143_GBOOKS.xml;6;0.6832641770401107;0.7938382360906496;0.1355440723576218;prose;['narration', 'récit'];False;False;False;1652-04-01;{'@status': 'corrected', '@when': '2022-09-27', '@who': 'AB'};"Relation de tout ce qui s'est fait et passé en l'armée de
          monsieur le prince de Condé depuis son départ de Guyenne, avec la déclaration de la ville
          de Toulouse pour le service des princes.";{'@type': 'file_creation', '@when': '2026-04-20', '#text': '26 avril 2021'};fra;Moreau3143_GBOOKS.xml;LGERM;
144;Moreau2142_GBOOKS.xml;4;0.5167224080267558;0.615020415394202;0.126292661854294;prose;lettre;False;False;False;1649-01-26;{'@status': 'corrected', '@when': '2022-04-29', '@who': 'MF'};"Lettre du roi aux prévôt des marchands, échevins et
          bourgeois de la ville de Paris, écrite le premier jour de février 1649.";{'@type': 'file_creation', '@when': '2021-11-02', '#text': '2 novembre 2021'};fra;Moreau2142_GBOOKS.xml;LGERM;
145;Moreau1596_GBOOKS.xml;6;0.6822429906542056;0.7976257922844986;0.10570669485493683;prose;['discours prononcé', 'harangue'];False;False;False;1651-09-07;{'@status': 'corrected', '@when': '2022-04-22', '@who': 'MF'};"La harangue faite au roi par M. Fournier, président de
          l'élection de Paris. Le grand maître et maître des cérémonies ayant présenté au roi dans
          la grande galerie du Palais -Royal les officiers de l'élection de Paris, ils lui firent
          cette harangue, sur les onze heures du matin, laquelle fut bien reçue de Sa Majesté
          .";{'@type': 'file_creation', '@when': '2021-11-02', '#text': '2 novembre 2021'};fra;Moreau1596_GBOOKS.xml;LGERM;
146;Moreau612_MAZ.xml;68;0.6885800426501949;0.8014484641683659;0.089848843306698;['vers', 'prose'];burlesque;False;False;False;;{'@status': 'corrected', '@when': '2022-02-09', '@who': 'AB'};"Le buﬂesque On de ce temps renouvelé, qui sait, qui fait
          et qui dit tout ce qui s’est passé depuis la guerre. Première partie.";{'@type': 'file_creation', '@when': '2022-01-31', '#text': '31 janvier 2022'};fra;Moreau612_MAZ.xml;LGERM;"[""Orléans, Gaston (1608-1660 ; duc d')"", 'Europe -- 17e siècle', 'Grande-Bretagne -- 1642-1651 (Guerre civile)', 'Cambrai (Pas-de-Calais) -- 1648 (Siège)']"
147;Moreau1249_GBOOKS.xml;7;0.5588785046728972;0.743594769450958;0.09333911472699065;prose;['entretien', 'dialogue'];False;False;False;1649-01-06;{'@status': 'corrected', '@when': '2021-11-15', '@who': 'AB'};"Les entretiens de Mazarin et de La Rivière au retour du
          sabbat.";{'@type': 'file_creation', '@when': '2021-11-02', '#text': '2 novembre 2021'};fra;Moreau1249_GBOOKS.xml;LGERM;
148;Moreau2551_MAZ.xml;7;0.7098976109215017;0.8419334177615101;0.08070294794454758;vers;;False;False;False;1652-01-09;{'@status': 'corrected', '@when': '2022-03-16', '@who': 'AB'};La nouvelle Mazarinade.;{'@type': 'file_creation', '@when': '2022-03-02', '#text': '2 mars 2022'};fra;Moreau2551_MAZ.xml;LGERM;
149;Moreau514_MAZ.xml;11;0.635282929148835;0.7701727610659824;0.09388407411141125;vers;['avis', 'discours adressé', 'prosopopée'];False;False;False;1649-02-08;{'@status': 'corrected', '@when': '2022-03-10', '@who': 'AB'};"Les avis héroïques et importants, donnés à M. le prince
          de Condé par monsieur de Châtillon, revenu de l'autre monde, par l'auteur même des
          Triolets.";{'@type': 'file_creation', '@when': '2022-03-02', '#text': '2 mars 2022'};fra;Moreau514_MAZ.xml;LGERM;"Condé, Louis de Bourbon (1621-1686 ; prince de)"
150;Moreau2523_MAZ.xml;7;0.6231231231231231;0.7772753069526904;0.1042992364759352;prose;réponse;False;False;False;;{'@status': 'corrected', '@when': '2022-03-16', '@who': 'AB'};Le mystère éventé, ou la Réponse à un libelle M.;{'@type': 'file_creation', '@when': '2022-03-02', '#text': '2 mars 2022'};fra;Moreau2523_MAZ.xml;LGERM;
151;Moreau3055_GALL.xml;26;0.5420446437672001;0.6863122992050427;0.0790768702467637;vers;chanson;False;False;False;;{'@status': 'corrected', '@when': '2022-09-28', '@who': 'AB'};"Recueil general, de toutes les chansons mazarinistes.
          Et avec plusieurs qui n'ont point estées chantées.";{'@type': 'file_creation', '@when': '2021-06-03', '#text': '3 juin 2021'};fra;Moreau3055_GALL.xml;LGERM;
152;Moreau692_GBOOKS.xml;7;0.6987253765932793;0.8218760068693758;0.12108060924518936;prose;non renseigné;False;False;False;1652-09-26;{'@status': 'corrected', '@when': '2022-04-04', '@who': 'ZC'};"La chasse furieuse donnée à la garnison de Corbeil, où il
          est demeuré plus de deux cent cinquante cavaliers sur la place, et grand nombre de blessés
          et de prisonniers, par la cavalerie de M. le prince, ensemble le nombre des morts et des
          prisonniers.";{'@type': 'file_creation', '@when': '2021-11-02', '#text': '2 novembre 2021'};fra;Moreau692_GBOOKS.xml;LGERM;
153;Moreau1074_GBOOKS.xml;31;0.6073240329740013;0.7383343295153914;0.10815718874562413;prose;['dialogue', 'prosopopée', 'avant-propos'];False;False;False;;{'@status': 'corrected', '@when': '2022-10-25', '@who': 'AB'};"Le dialogue d’État, ou Entretiens des rois Louis XI et
          Louis XII ès champs élysées, touchant les affaires présentes, image de deux règnes
          différents.";{'@type': 'file_creation', '@when': '2022-10-25', '#text': '25 octobre 2022'};fra;Moreau1074_GBOOKS.xml;LGERM;
154;Moreau378_GBOOKS.xml;6;0.785377358490566;0.8559728031580058;0.14406175018975145;prose;['texte officiel', 'arrêt'];False;False;False;;{'@status': 'corrected', '@when': '2022-10-25', '@who': 'AB'};"Arrêt du conseil d’État, portant commandement, au
          parlement de Paris et de Pontoise, de se rendre au château du Louvre, le mardi, 7 heures
          du matin, donné, à Saint-Germain-en-Laye, le 18 octobre 1652.";{'@type': 'file_creation', '@when': '2022-10-25', '#text': '25 octobre 2022'};fra;Moreau378_GBOOKS.xml;LGERM;Parlement de Paris
155;Moreau3523_GBOOKS.xml;22;0.5962901208837016;0.7299082572366558;0.11775791677579366;prose;['narration', 'relation'];False;False;False;1652-01-01;{'@status': 'corrected', '@when': '2022-10-25', '@who': 'AB'};"Le résultat du conseil tenu à Épernay en Champagne, le 25
          du mois de décembre 1651, par le cardinal Mazarin et ceux de sa faction, sur le dessein de
          rentrer à main armée dans l'Etat, suivant les ordres exprès de la cour.";{'@type': 'file_creation', '@when': '2022-10-25', '#text': '25 octobre 2022'};fra;Moreau3523_GBOOKS.xml;LGERM;
156;Moreau1411_GBOOKS.xml;5;0.5545886075949367;0.7190794351346985;0.14985184134772409;prose;discours adressé;False;False;False;1649-03-01;{'@status': 'corrected', '@when': '2022-10-25', '@who': 'AB'};"Le françois fidèle à Jules Mazarin, traitant des devoirs
          des bons ministres envers leurs maîtres.";{'@type': 'file_creation', '@when': '2022-10-25', '#text': '25 octobre 2022'};fra;Moreau1411_GBOOKS.xml;LGERM;Mazarin
157;Moreau3834_GBOOKS.xml;7;0.5755983654407473;0.7257526952837169;0.09950583332070016;prose;['rhétorique délibérative', 'remontrances', 'discours adressé'];False;False;False;1652-02-28;{'@status': 'corrected', '@when': '2022-05-18', '@who': 'ZC'};"Très-humbles remontrances du Parlement de Tholose faites
          au roi contre le retour du cardinal Mazarin, et pour la surséance de la déclaration de Sa
          Majesté contre monsieur le Prince.";{'@type': 'file_creation', '@when': '2021-11-02', '#text': '2 novembre 2021'};fra;Moreau3834_GBOOKS.xml;LGERM;
158;Moreau3895_GBOOKS.xml;19;0.6024984948826009;0.713533187258966;0.11213247879926745;prose;non renseigné;False;False;False;;{'@status': 'corrected', '@when': '2022-05-10', '@who': 'ZC'};"Le trompette , ou Héraut du ciel dénonçant au roi, à la
          reine, à leur conseil, aux duc d'Orléans, prince de Condé et autres, ville de Paris et
          reste du royaume la paix que Dieu veut leur donner, et qu'il leur présente, ou la
          destruction, s'ils la refusent de sa main libérale.";{'@type': 'file_creation', '@when': '2021-11-02', '#text': '2 novembre 2021'};fra;Moreau3895_GBOOKS.xml;LGERM;
159;Moreau2567_MAZ.xml;50;0.8242644095122934;0.8866021003803161;0.1384982266829516;prose;;False;False;False;1649-03-30;{'@status': 'corrected', '@when': '2022-03-16', '@who': 'AB'};"Observationes politicæ super nuperis Galliæ
          motibus.";{'@type': 'file_creation', '@when': '2022-03-02', '#text': '2 mars 2022'};lat;Moreau2567_MAZ.xml;LGERM;
160;Moreau753_MAZ.xml;5;0.7126654064272212;0.8536763750790879;0.11497765545287324;vers;;False;False;False;;{'@status': 'corrected', '@when': '2022-03-10', '@who': 'AB'};Congé de l’armée normande.;{'@type': 'file_creation', '@when': '2022-03-02', '#text': '2 mars 2022'};fra;Moreau753_MAZ.xml;LGERM;Normandie (France)
161;Moreau2595_GALL.xml;6;0.5857558139534884;0.7060315058872041;0.10208281864846253;prose;prosopopée;False;False;False;1651-04-05;{'@status': 'corrected', '@when': '2022-06-15', '@who': 'MF'};"L'ombre du maréchal d'Ancre apparue au cardinal Mazarin
          en la ville de Sédan, touchant la résolution qu'il doit prendre sur les troubles qu'il a
          suscités en France, pour la sûreté de sa personne.";{'@type': 'file_creation', '@when': '2021-11-02', '#text': '2 novembre 2021'};fra;Moreau2595_GALL.xml;LGERM;
162;Moreau3_MAZ.xml;16;0.6794674859190988;0.8099028768158884;0.09226515991324034;['vers', 'prose'];['discours adressé', 'épître dédicatoire'];False;False;False;1649-01-08;{'@status': 'corrected', '@when': '2022-02-07', '@who': 'AB'};"A monseigneur Charles de Lorraine, duc d’Elbeuf,
          généralissime des armées du roi";{'@type': 'file_creation', '@when': '2022-01-31', '#text': '31 janvier 2022'};fra;Moreau3_MAZ.xml;LGERM;"Lorraine, Charles II de (1596-1657 ; duc d'Elbeuf)"
163;Moreau1089_GBOOKS.xml;7;0.6666666666666666;0.7898946698821688;0.09789225015823647;prose;dialogue;False;False;False;1649-03-30;{'@status': 'corrected', '@when': '2021-11-12', '@who': 'AB'};"Le dialogue du soldat, du paysan, de polichinelle et du
          docteur Scatalon, au retour de la paix, avec les remerciments au roi et à la
          reine.";{'@type': 'file_creation', '@when': '2021-11-02', '#text': '2 novembre 2021'};fra;Moreau1089_GBOOKS.xml;LGERM;
164;Moreau3937_GBOOKS.xml;7;0.5336194563662375;0.6796747384793502;0.12356406632197343;prose;['discours adressé', 'harangue'];False;False;False;1652-09-09;{'@status': 'corrected', '@when': '2022-05-06', '@who': 'ZC'};"La véritable harangue faite au roi par monseigneur le
          cardinal de Retz, pour lui demander la paix et son retour à Paris, au nom du clergé et
          accompagné de tous ses députés, prononcée à Compiègne, le 12 septembre 1652.";{'@type': 'file_creation', '@when': '2021-11-02', '#text': '2 novembre 2021'};fra;Moreau3937_GBOOKS.xml;LGERM;
165;Moreau1570_GBOOKS.xml;8;0.78125;0.8629119624996413;0.10776377481067634;prose;['discours adressé', 'harangue'];False;False;False;1652-03-23;{'@status': 'corrected', '@when': '2022-04-21', '@who': 'MF'};"Harangue faite à Mademoiselle par messieurs d'Orléans à
          son arrivée, en présence de messieurs les ducs de Beaufort, de Rohan et autres seigneurs,
          et leur très-humble remercîment envoyé à son Altesse Royale.";{'@type': 'file_creation', '@when': '2021-11-02', '#text': '2 novembre 2021'};fra;Moreau1570_GBOOKS.xml;LGERM;"[""Montpensier, Anne-Marie-Louise-Henriette d'Orléans, duchesse de,\n            1627-1693"", 'Beaufort, François de Bourbon-Vendôme, duc de, 1616-1669', 'Rohan, Henri de Chabot, duc de, 1615?-1655', 'Orléans (Loiret)']"
166;Moreau1806_GALL.xml;6;0.660458452722063;0.8121079419271892;0.08186550884953438;vers;lamentation;False;False;False;1651-03-11;{'@status': 'corrected', '@when': '2022-04-25', '@who': 'AB'};Les larmes mazarines.;{'@type': 'file_creation', '@when': '2021-11-02', '#text': '2 novembre 2021'};fra;Moreau1806_GALL.xml;LGERM;
167;Moreau3049_GALL.xml;108;0.5031487857919537;0.6265292734048368;0.12109951522362301;prose;['lettre', 'texte officiel', 'remontrances', 'rhétorique délibérative', 'arrêt', 'recueil'];False;True;False;;{'@status': 'corrected', '@when': '2022-09-28', '@who': 'AB'};"Recueil des arrests remonstrances et lettres tant du
          Parlement & Cour des aydes de Paris, que du Parlement de Roüen. Ensemble le recueil
          des ordonnances & commissions de messieurs les prevost des marchands & eschevins
          de la ville de Paris, concernant la levée des gens de guerre & deniers pour leur
          subsistance, seureté & police de ladite ville de Paris. Depuis les mouvemens commencez
          au sixiéme janvier dernier, jusques à la pacification d'iceux.";{'@type': 'file_creation', '@when': '2021-06-08', '#text': '8 juin 2021'};fra;Moreau3049_GALL.xml;LGERM;Parlement de Paris
168;Moreau2532_GBOOKS.xml;7;0.5665158371040724;0.7188923143332696;0.11144383176972562;prose;prosopopée;False;False;False;1649-03-01;{'@status': 'corrected', '@when': '2022-05-25', '@who': 'MF'};"La nompareille du temps, ou la Prosopopée de Thémis et la
          Fortune plaidant le procès de Mazarin.";{'@type': 'file_creation', '@when': '2021-11-02', '#text': '2 novembre 2021'};fra;Moreau2532_GBOOKS.xml;LGERM;
169;Moreau3553_GBOOKS.xml;5;0.6814024390243902;0.8166346319269765;0.09920112046030909;prose;non renseigné;False;False;True;1650-01-18;{'@status': 'corrected', '@when': '2022-07-22', '@who': 'ZC'};"La rivière en fuite après son débordement, avec
          l'emprisonnement du chevalier, son frère, au château de la Bastille.";{'@type': 'file_creation', '@when': '2021-11-02', '#text': '2 novembre 2021'};fra;Moreau3553_GBOOKS.xml;LGERM;
170;Moreau63_GBOOKS.xml;7;0.6643700787401575;0.8194311684866122;0.07732094336247426;prose;;False;False;False;1649-01-13;{'@status': 'corrected', '@when': '2022-03-24', '@who': 'AB'};"L'amazone françoise au secours des Parisiens, ou
          l’Approche des troupes de madame la duchesse de Chevreuse.";{'@type': 'file_creation', '@when': '2021-11-02', '#text': '2 novembre 2021'};fra;Moreau63_GBOOKS.xml;LGERM;Chevreuse, Marie de Rohan-Montbazon, 1600-1679, duchesse de
171;Moreau2198_GBOOKS.xml;30;0.7272421147154563;0.807520579936667;0.10036667042665186;prose;lettre;False;False;False;1649-09-05;{'@status': 'corrected', '@when': '2022-10-06', '@who': 'AB'};"Lettre du sieur Cermier de Sipois à monseigneur le duc
          d'Orléans, sur les défiances de quelques particuliers, touchant la paix.";{'@type': 'file_creation', '@when': '2021-06-08', '#text': '8 juin 2021'};fra;Moreau2198_GBOOKS.xml;LGERM;
172;Moreau3246_MAZ.xml;6;0.7904642409033877;0.8568353877951305;0.1259679383522626;prose;['récit', 'relation'];False;False;False;1652-09-26;{'@status': 'corrected', '@when': '2022-03-18', '@who': 'AB'};"Relation véritable de tout ce qui s'est fait en Parlement
          le lundi trentième septembre 1652, en présence de Son Altesse Royale et plusieurs ducs et
          pairs de France, avec l'arrêt d'abolition de M. le duc de Beaufort, ensemble la réponse de
          MM. le chancelier et garde des sceaux de France aux lettres de M. l'avocat général
          Talon.";{'@type': 'file_creation', '@when': '2022-03-02', '#text': '2 mars 2022'};fra;Moreau3246_MAZ.xml;LGERM;"['Beaufort, François de Bourbon-Vendôme (1616-1669\xa0; duc de)', 'Talon, Omer (1595-1652)', 'Séguier, Pierre (1588-1672)', 'Molé, Mathieu (1584-1656)', 'France. Parlement de\n            Paris']"
173;Moreau496_GBOOKS.xml;19;0.612;0.7296424208097845;0.11104795942554026;prose;;False;False;False;1649-01-30;{'@status': 'corrected', '@when': '2022-04-06', '@who': 'AB'};"Avis chrétien et politique à Charles II, roi de la
          Grande-Bretagne.";{'@type': 'file_creation', '@when': '2021-11-02', '#text': '2 novembre 2021'};fra;Moreau496_GBOOKS.xml;LGERM;
174;Moreau2900_GALL.xml;10;0.6836077308518254;0.8111144764507404;0.08105186993324923;vers;['poésie', 'burlesque', 'satirique'];False;False;False;1649-03-04;{'@status': 'corrected', '@when': '2022-10-03', '@who': 'AB'};"La promenade des bougeios de Paris au camp de Villejuive
          , en vers burlesques.";[{'@type': 'file_creation', '@when': '2021-02-23', '#text': '23 février 2021'}, {'@type': 'correction', '@when': '2021-03-30', '#text': '30 mars 2021'}];fra;Moreau2900_GALL.xml;LGERM;
175;Moreau3005_GBOOKS.xml;6;0.7142857142857143;0.8102849057379039;0.12933606854053395;prose;['narration', 'récit'];False;False;False;1652-03-23;{'@status': 'corrected', '@when': '2022-09-28', '@who': 'AB'};"Le recit veritable de ce qui s'est passé à l'entrée de
          Mademoiselle dans la ville d'Orleans le 27 mars. 1652. Avec la resolution qui a esté prise
          touchant l'arrivée du Garde des Sceaux & du Conseil, envoyez par le Roy dans ladite
          ville. Donné au public par le commandement de son Altesse Royale.";{'@type': 'file_creation', '@when': '2026-04-20', '#text': '26 avril 2021'};fra;Moreau3005_GBOOKS.xml;LGERM;"[""Montpensier, Anne-Marie-Louise-Henriette d'Orléans, duchesse de,\n            1627-1693"", ""Orléans, Gaston, duc d', 1608-1660"", 'Orléans (Loiret)']"
176;Moreau2555_GBOOKS.xml;19;0.6236010533245556;0.7324491079806797;0.10531295598401125;prose;['nouvelles', 'dialogue'];False;False;False;1649-01-18;{'@status': 'corrected', '@when': '2022-06-03', '@who': 'MF'};"Nouvelles apportées au roi Louis XIII dans les
          Champs-Élysées, et son entretien avec les héros et les principaux seigneurs de sa Cour
          touchant la funeste guerre que Mazarin a allumée dans la France, et la description des
          principales choses qui sont arrivées depuis l'enlèvement du roi, qui est toute l'histoire
          du temps.";{'@type': 'file_creation', '@when': '2021-11-02', '#text': '2 novembre 2021'};fra;Moreau2555_GBOOKS.xml;LGERM;
177;Moreau2132_GALL.xml;11;0.5520094562647754;0.7052498374633142;0.10835199555196881;prose;['lettre', 'astrologie', 'prophétique'];False;False;False;;{'@status': 'corrected', '@when': '2022-10-06', '@who': 'AB'};"Lettre du R. P. N. Caussin, de la compagnie de Jésus, à
          une personne illustre sur sa curiosité des horoscopes.";{'@type': 'file_creation', '@when': '2021-06-08', '#text': '8 juin 2021'};fra;Moreau2132_GALL.xml;LGERM;
178;Moreau651_GBOOKS.xml;7;0.6144200626959248;0.7800558595719853;0.03607004210383203;prose;['catéchisme', 'pamphlet'];False;False;False;;{'@status': 'corrected', '@when': '2022-04-05', '@who': 'ZC'};Catéchisme des courtisans de la cour de Mazarin.;{'@type': 'file_creation', '@when': '2021-11-02', '#text': '2 novembre 2021'};fra;Moreau651_GBOOKS.xml;LGERM;
179;Moreau1820_GBOOKS.xml;7;0.6305803571428571;0.7652818251650204;0.17981285436055844;prose;lettre;False;False;False;1652-05-04;{'@status': 'corrected', '@when': '2022-10-06', '@who': 'AB'};"Lettre circulaire de messieurs du Parlement de Provence,
          envoyée à toutes les villes de France sur le sujet de l'arrivée de M . de Mercœur en
          Provence.";{'@type': 'file_creation', '@when': '2021-06-08', '#text': '8 juin 2021'};fra;Moreau1820_GBOOKS.xml;LGERM;
180;Moreau2476_GBOOKS.xml;6;0.5965346534653465;0.7257607029663328;0.08571724955286981;['vers', 'prose'];non renseigné;False;False;False;1649-03-01;{'@status': 'corrected', '@when': '2022-05-20', '@who': 'MF'};"Le miracle nouveau d'un crucifix qui parla, vendredi
          dernier, dans Saint-Germain, à la reine régente.";{'@type': 'file_creation', '@when': '2021-11-02', '#text': '2 novembre 2021'};fra;Moreau2476_GBOOKS.xml;LGERM;
181;Moreau3983_GBOOKS.xml;7;0.5539177657098526;0.7137744460876858;0.09934201481680995;prose;lamentation;False;False;False;;{'@status': 'corrected', '@when': '2022-10-25', '@who': 'AB'};"Les véritables souffrances et la passion générale de
          toute la cour.";{'@type': 'file_creation', '@when': '2022-10-25', '#text': '25 octobre 2022'};fra;Moreau3983_GBOOKS.xml;LGERM;
182;Moreau3220_GBOOKS.xml;6;0.628286491387126;0.7671522467261586;0.10667204247231532;['vers', 'prose'];narration;False;False;False;1649-02-11;{'@status': 'corrected', '@when': '2022-09-26', '@who': 'AB'};"Relation véritable de ce qui s'est passé au combat qui se
          rendit, mardi au matin, 16 février, entre Lonjumeau et Huitsous, à l'escorte du
          convoi.";{'@type': 'file_creation', '@when': '2026-04-20', '#text': '26 avril 2021'};fra;Moreau3220_GBOOKS.xml;LGERM;
183;Moreau2391_GBOOKS.xml;7;0.6030368763557483;0.7545184399099399;0.1109848695714515;prose;manifeste;False;False;False;1652-08-19;{'@status': 'corrected', '@when': '2022-05-20', '@who': 'AB'};"Le manifeste du cardinal Mazarin, présenté au roi par
          lui-même à son départ de Pontoise.";{'@type': 'file_creation', '@when': '2021-11-02', '#text': '2 novembre 2021'};fra;Moreau2391_GBOOKS.xml;LGERM;
184;Moreau1544_GBOOKS.xml;29;0.6067296183003059;0.7154098034412639;0.11897528217098656;prose;['discours adressé', 'harangue'];False;False;False;1649-02-19;{'@status': 'corrected', '@when': '2022-04-13', '@who': 'MF'};"La harangue célèbre faite à la reine sur sa
          régence.";{'@type': 'file_creation', '@when': '2021-11-02', '#text': '2 novembre 2021'};fra;Moreau1544_GBOOKS.xml;LGERM;"[""Anne d'Autriche, 1601-1666"", 'Régence']"
185;Moreau1626_GBOOKS.xml;8;0.5618175413878126;0.6602237179765598;0.11726024011354655;prose;;False;False;False;1650-02-02;{'@status': 'corrected', '@when': '2022-04-08', '@who': 'AB'};"Le hercule triomphant, ou les Heureux succès de Sa
          Majesté en son voyage de Normandie";{'@type': 'file_creation', '@when': '2021-11-02', '#text': '2 novembre 2021'};fra;Moreau1626_GBOOKS.xml;LGERM;
186;Moreau124_GALL.xml;10;0.6161900926298832;0.7586363304839253;0.0828925346418674;vers;satirique;False;False;False;1650-11-15;{'@status': 'corrected', '@when': '2021-11-12', '@who': 'AB'};Apologie pour Malefas.;{'@type': 'file_creation', '@when': '2021-11-02', '#text': '2 novembre 2021'};fra;Moreau124_GALL.xml;LGERM;
187;Moreau2509_GBOOKS.xml;14;0.6553473848555815;0.7720497889706424;0.10181257477255228;prose;justification;False;False;False;1652-01-24;{'@status': 'corrected', '@when': '2022-05-24', '@who': 'MF'};"Motifs qui ont porté Son Altesse Royale à se déclarer
          pour monseigneur le Prince, qui servent de justification à son Manifeste.";{'@type': 'file_creation', '@when': '2021-11-02', '#text': '2 novembre 2021'};fra;Moreau2509_GBOOKS.xml;LGERM;
188;Moreau3711_GALL.xml;8;0.6512820512820513;0.7987007160191772;0.06378789907899017;vers;['lamentation', 'soupirs'];False;False;False;;{'@status': 'corrected', '@when': '2022-06-02', '@who': 'ZC'};"Soupirs françois sur la paix italienne, avec
          l'augmentation, édition dernière, revue et exactement corrigé";{'@type': 'file_creation', '@when': '2021-11-02', '#text': '2 novembre 2021'};fra;Moreau3711_GALL.xml;LGERM;
189;Moreau2638_MAZ.xml;11;0.6641604010025063;0.8093371810643801;0.07836655487574075;vers;;False;False;False;1649-02-03;{'@status': 'corrected', '@when': '2022-02-15', '@who': 'AB'};"L'oygnon ou l'union qui fait mal à Mazarin, avec quelques
          autres pièces du temps contre lui.";{'@type': 'file_creation', '@when': '2022-01-31', '#text': '31 janvier 2022'};fra;Moreau2638_MAZ.xml;LGERM;"['Marigny', ""Émery, Michel Particelli (1595-1650\xa0; sieur d')"", 'Richelieu, Armand Jean Du Plessis (1585-1642 ; cardinal duc\n            de)']"
190;Moreau3466_GALL.xml;7;0.6591639871382636;0.8024171015191134;0.09462990933279092;vers;['poésie', 'burlesque', 'satirique'];False;False;False;1648-04;{'@status': 'corrected', '@when': '2021-11-08', '@who': 'AB'};Requête burlesque des partisans au Parlement.;[{'@type': 'file_creation', '@when': '2021-02-11', '#text': '11 février 2021'}, {'@type': 'correction', '@when': '2021-03-25', '#text': '25 mars 2021'}];fra;Moreau3466_GALL.xml;LGERM;
191;Moreau3713_GBOOKS.xml;4;0.7839195979899497;0.8713079423403052;0.09168104052219372;vers;['discours adressé', 'stances'];False;False;False;;{'@status': 'corrected', '@when': '2022-10-25', '@who': 'AB'};Stances à Mademoiselle.;{'@type': 'file_creation', '@when': '2022-10-25', '#text': '25 octobre 2022'};fra;Moreau3713_GBOOKS.xml;LGERM;
192;Moreau788_GALL.xml;5;0.619533527696793;0.8078395802871705;0.10278096639320897;vers;;False;False;False;;{'@status': 'corrected', '@when': '2022-03-23', '@who': 'AB'};"Les contrevérités de la cour. Quis vetat ridendo dicere
          verum ?";{'@type': 'file_creation', '@when': '2021-11-02', '#text': '2 novembre 2021'};fra;Moreau788_GALL.xml;LGERM;
193;Moreau113_GBOOKS.xml;11;0.5886545886545886;0.7245186545432096;0.10032027375526834;prose;rhétorique judiciaire;False;False;False;1649-02-19;{'@status': 'corrected', '@when': '2022-03-11', '@who': 'KA'};"Apologie des Normands au roi pour la justification de
          leurs armes.";{'@type': 'file_creation', '@when': '2021-11-02', '#text': '2 novembre 2021'};fra;Moreau113_GBOOKS.xml;LGERM;
194;Moreau1515_MAZ.xml;2;0.8805031446540881;0.9341336794289422;0.07673588578844906;vers;prophétique;False;False;False;1650-01;{'@status': 'corrected', '@when': '2022-03-14', '@who': 'AB'};"Grande et merveilleuse prédiction touchant les affaires
          du temps présent, et même de ce qui peut arriver dans le cours de cette présente année
          1650, tirées des Centuries de Nostradamus.";{'@type': 'file_creation', '@when': '2022-03-02', '#text': '2 mars 2022'};fra;Moreau1515_MAZ.xml;LGERM;['Nostradamus (1503-1566)', 'Nostradamus (1503-1566). Prophéties']
195;Moreau3230_GBOOKS.xml;16;0.6216262384694227;0.7213935971217784;0.17192007549408475;prose;['narration', 'récit'];False;False;False;1651-04-18;{'@status': 'corrected', '@when': '2022-09-26', '@who': 'AB'};"Relation véritable de ce qui s'est passé ès environs de
          la ville de Rheims, depuis le 20 mai 1651, et l'état déplorable du pays, tirée de diverses
          lettres écrites de ladite ville de Rheims.";{'@type': 'file_creation', '@when': '2026-04-20', '#text': '26 avril 2021'};fra;Moreau3230_GBOOKS.xml;LGERM;['violences', 'Champagne']
196;Moreau3747_GALL.xml;14;0.5928901385820445;0.7190473192966926;0.07072601679682052;vers;satirique;False;False;False;;{'@status': 'corrected', '@when': '2022-05-30', '@who': 'ZC'};"Le tableau du Gouvernement présent, ou Éloge de son
          Éminence. Satyre de mille vers, nouvelle édition, revue et exactement corrigée.";{'@type': 'file_creation', '@when': '2021-11-02', '#text': '2 novembre 2021'};fra;Moreau3747_GALL.xml;LGERM;Richelieu, Armand Jean Du Plessis, cardinal duc de, 1585-1642
197;Moreau3720_MAZ.xml;27;0.684115114434625;0.8000937568744279;0.09280578681562342;vers;['burlesque', 'pro et contra'];False;False;False;1652-08-19;{'@status': 'corrected', '@when': '2022-02-17', '@who': 'AB'};"Le stratagème , ou le Pour et le contre du départ de
          Mazarin, en vers burlesques.";{'@type': 'file_creation', '@when': '2022-01-31', '#text': '31 janvier 2022'};fra;Moreau3720_MAZ.xml;LGERM;"[""Turenne, Henri de La Tour d'Auvergne (1611-1675 ; vicomte de)"", 'Longueville, Henri II (1595-1663 ; duc de)', ""Anne d'Autriche (1601-1666 ; reine de France)"", 'Conti, Armand de Bourbon (1629-1666 ; prince de)', 'Condé, Louis de Bourbon (1621-1686 ; prince de)', 'Louis XIV (1638-1715 ; roi de France)', ""Orléans, Gaston (1608-1660 ; duc d')"", ""Hocquincourt, Charles de Monchy (1599-1658 ; marquis d')"", 'Retz, Cardinal de (1613-1679)']"
198;Moreau121_GALL.xml;9;0.6357986326911125;0.7843761881985515;0.07943412043675543;vers;non renseigné;False;False;False;;{'@status': 'corrected', '@when': '2021-11-12', '@who': 'AB'};Apologie pour la défense du cardinal Mazarin.;{'@type': 'file_creation', '@when': '2021-11-02', '#text': '2 novembre 2021'};fra;Moreau121_GALL.xml;LGERM;"[""Anne d'Autriche, 1601-1666"", 'Louis, roi de France, XIV, 1638-1715']"
199;Moreau3743_MAZ.xml;3;0.49355670103092786;0.7179124060775172;0.1048233222244576;prose;;False;False;False;1650-01-18;{'@status': 'corrected', '@when': '2022-02-17', '@who': 'AB'};"Le tableau de l'ingratitude de monsieur le Prince,
          présenté à monsieur le duc de Beaufort.";{'@type': 'file_creation', '@when': '2022-01-31', '#text': '31 janvier 2022'};fra;Moreau3743_MAZ.xml;LGERM;"Condé, Louis de Bourbon (1621-1686 ; prince de)"
